날짜,지역,역명,인원유형,시간대,시간대별하루평균(명),전월평균(명),전월대비(명) ±
202312,서울특별시 강북구,4.19민주묘지,승하차인원,시간당 평균,292,357,-65
202312,서울특별시 강북구,4.19민주묘지,승하차인원,08-09시 평균,538,788,-250
202312,서울특별시 강북구,4.19민주묘지,승하차인원,12-13시 평균,384,462,-78
202312,서울특별시 강북구,4.19민주묘지,승하차인원,18-19시 평균,388,481,-94
202312,서울특별시 강북구,4.19민주묘지,승하차인원,20-21시 평균,230,254,-24
202312,서울특별시 송파구,가락시장,승하차인원,시간당 평균,1660,1660,-1
202312,서울특별시 송파구,가락시장,승하차인원,08-09시 평균,3091,3541,-449
202312,서울특별시 송파구,가락시장,승하차인원,12-13시 평균,1785,1685,100
202312,서울특별시 송파구,가락시장,승하차인원,18-19시 평균,3474,3620,-146
202312,서울특별시 송파구,가락시장,승하차인원,20-21시 평균,1520,1454,65
202312,서울특별시 금천구,가산디지털단지,승하차인원,시간당 평균,4924,5524,-600
202312,서울특별시 금천구,가산디지털단지,승하차인원,08-09시 평균,17231,20091,-2860
202312,서울특별시 금천구,가산디지털단지,승하차인원,12-13시 평균,3190,3204,-14
202312,서울특별시 금천구,가산디지털단지,승하차인원,18-19시 평균,13887,16677,-2789
202312,서울특별시 금천구,가산디지털단지,승하차인원,20-21시 평균,3854,4231,-376
202312,서울특별시 강서구,가양,승하차인원,시간당 평균,1943,2077,-134
202312,서울특별시 강서구,가양,승하차인원,08-09시 평균,4106,4694,-588
202312,서울특별시 강서구,가양,승하차인원,12-13시 평균,1957,1949,8
202312,서울특별시 강서구,가양,승하차인원,18-19시 평균,3757,4246,-488
202312,서울특별시 강서구,가양,승하차인원,20-21시 평균,1813,1958,-144
202312,서울특별시 강북구,가오리,승하차인원,시간당 평균,386,410,-24
202312,서울특별시 강북구,가오리,승하차인원,08-09시 평균,748,864,-117
202312,서울특별시 강북구,가오리,승하차인원,12-13시 평균,448,460,-13
202312,서울특별시 강북구,가오리,승하차인원,18-19시 평균,589,654,-65
202312,서울특별시 강북구,가오리,승하차인원,20-21시 평균,314,336,-22
202312,서울특별시 서대문구,가좌,승하차인원,시간당 평균,524,561,-37
202312,서울특별시 서대문구,가좌,승하차인원,08-09시 평균,1165,1361,-195
202312,서울특별시 서대문구,가좌,승하차인원,12-13시 평균,536,519,18
202312,서울특별시 서대문구,가좌,승하차인원,18-19시 평균,936,1073,-137
202312,서울특별시 서대문구,가좌,승하차인원,20-21시 평균,437,472,-35
202312,서울특별시 강남구,강남,승하차인원,시간당 평균,7011,7152,-141
202312,서울특별시 강남구,강남,승하차인원,08-09시 평균,10853,12342,-1489
202312,서울특별시 강남구,강남,승하차인원,12-13시 평균,6384,6111,273
202312,서울특별시 강남구,강남,승하차인원,18-19시 평균,15648,16713,-1065
202312,서울특별시 강남구,강남,승하차인원,20-21시 평균,7201,7362,-161
202312,서울특별시 강남구,강남구청,승하차인원,시간당 평균,2347,2549,-202
202312,서울특별시 강남구,강남구청,승하차인원,08-09시 평균,5326,6165,-839
202312,서울특별시 강남구,강남구청,승하차인원,12-13시 평균,2014,2080,-66
202312,서울특별시 강남구,강남구청,승하차인원,18-19시 평균,5493,6322,-829
202312,서울특별시 강남구,강남구청,승하차인원,20-21시 평균,2026,2206,-180
202312,서울특별시 강동구,강동,승하차인원,시간당 평균,1610,1684,-74
202312,서울특별시 강동구,강동,승하차인원,08-09시 평균,3587,4109,-522
202312,서울특별시 강동구,강동,승하차인원,12-13시 평균,1545,1495,50
202312,서울특별시 강동구,강동,승하차인원,18-19시 평균,3160,3499,-339
202312,서울특별시 강동구,강동,승하차인원,20-21시 평균,1429,1522,-93
202312,서울특별시 강동구,강동구청,승하차인원,시간당 평균,957,991,-34
202312,서울특별시 강동구,강동구청,승하차인원,08-09시 평균,2293,2599,-305
202312,서울특별시 강동구,강동구청,승하차인원,12-13시 평균,922,875,48
202312,서울특별시 강동구,강동구청,승하차인원,18-19시 평균,1998,2202,-203
202312,서울특별시 강동구,강동구청,승하차인원,20-21시 평균,828,835,-6
202312,서울특별시 광진구,강변,승하차인원,시간당 평균,2871,2936,-64
202312,서울특별시 광진구,강변,승하차인원,08-09시 평균,4770,5461,-691
202312,서울특별시 광진구,강변,승하차인원,12-13시 평균,3272,3081,191
202312,서울특별시 광진구,강변,승하차인원,18-19시 평균,5358,5828,-470
202312,서울특별시 광진구,강변,승하차인원,20-21시 평균,2848,2956,-108
202312,서울특별시 강동구,강일,승하차인원,시간당 평균,491,516,-25
202312,서울특별시 강동구,강일,승하차인원,08-09시 평균,988,1141,-153
202312,서울특별시 강동구,강일,승하차인원,12-13시 평균,490,476,14
202312,서울특별시 강동구,강일,승하차인원,18-19시 평균,836,948,-112
202312,서울특별시 강동구,강일,승하차인원,20-21시 평균,409,426,-17
202312,서울특별시 송파구,개롱,승하차인원,시간당 평균,597,630,-33
202312,서울특별시 송파구,개롱,승하차인원,08-09시 평균,1242,1404,-162
202312,서울특별시 송파구,개롱,승하차인원,12-13시 평균,584,569,15
202312,서울특별시 송파구,개롱,승하차인원,18-19시 평균,1082,1216,-134
202312,서울특별시 송파구,개롱,승하차인원,20-21시 평균,520,538,-18
202312,서울특별시 구로구,개봉,승하차인원,시간당 평균,1955,2042,-87
202312,서울특별시 구로구,개봉,승하차인원,08-09시 평균,3362,3845,-483
202312,서울특별시 구로구,개봉,승하차인원,12-13시 평균,2034,1979,55
202312,서울특별시 구로구,개봉,승하차인원,18-19시 평균,3672,4091,-419
202312,서울특별시 구로구,개봉,승하차인원,20-21시 평균,1838,1900,-62
202312,서울특별시 강남구,개포동,승하차인원,시간당 평균,434,467,-33
202312,서울특별시 강남구,개포동,승하차인원,08-09시 평균,766,895,-129
202312,서울특별시 강남구,개포동,승하차인원,12-13시 평균,503,501,2
202312,서울특별시 강남구,개포동,승하차인원,18-19시 평균,752,846,-93
202312,서울특별시 강남구,개포동,승하차인원,20-21시 평균,402,419,-17
202312,서울특별시 강서구,개화,승하차인원,시간당 평균,200,221,-21
202312,서울특별시 강서구,개화,승하차인원,08-09시 평균,482,564,-82
202312,서울특별시 강서구,개화,승하차인원,12-13시 평균,137,147,-10
202312,서울특별시 강서구,개화,승하차인원,18-19시 평균,369,427,-58
202312,서울특별시 강서구,개화,승하차인원,20-21시 평균,142,152,-10
202312,서울특별시 강서구,개화산,승하차인원,시간당 평균,514,542,-27
202312,서울특별시 강서구,개화산,승하차인원,08-09시 평균,1209,1380,-171
202312,서울특별시 강서구,개화산,승하차인원,12-13시 평균,554,528,26
202312,서울특별시 강서구,개화산,승하차인원,18-19시 평균,1000,1139,-139
202312,서울특별시 강서구,개화산,승하차인원,20-21시 평균,432,443,-11
202312,서울특별시 송파구,거여,승하차인원,시간당 평균,890,941,-52
202312,서울특별시 송파구,거여,승하차인원,08-09시 평균,1937,2202,-265
202312,서울특별시 송파구,거여,승하차인원,12-13시 평균,793,788,5
202312,서울특별시 송파구,거여,승하차인원,18-19시 평균,1705,1938,-234
202312,서울특별시 송파구,거여,승하차인원,20-21시 평균,743,775,-32
202312,서울특별시 광진구,건대입구,승하차인원,시간당 평균,4937,4939,-1
202312,서울특별시 광진구,건대입구,승하차인원,08-09시 평균,6475,7618,-1143
202312,서울특별시 광진구,건대입구,승하차인원,12-13시 평균,4911,4757,154
202312,서울특별시 광진구,건대입구,승하차인원,18-19시 평균,10464,10871,-408
202312,서울특별시 광진구,건대입구,승하차인원,20-21시 평균,5961,5824,137
202312,서울특별시 종로구,경복궁,승하차인원,시간당 평균,2331,2590,-259
202312,서울특별시 종로구,경복궁,승하차인원,08-09시 평균,4466,5380,-914
202312,서울특별시 종로구,경복궁,승하차인원,12-13시 평균,2868,3122,-254
202312,서울특별시 종로구,경복궁,승하차인원,18-19시 평균,4759,5326,-567
202312,서울특별시 종로구,경복궁,승하차인원,20-21시 평균,1955,1835,120
202312,서울특별시 송파구,경찰병원,승하차인원,시간당 평균,648,685,-36
202312,서울특별시 송파구,경찰병원,승하차인원,08-09시 평균,1668,1917,-249
202312,서울특별시 송파구,경찰병원,승하차인원,12-13시 평균,625,601,24
202312,서울특별시 송파구,경찰병원,승하차인원,18-19시 평균,1351,1514,-163
202312,서울특별시 송파구,경찰병원,승하차인원,20-21시 평균,542,581,-39
202312,서울특별시 강동구,고덕,승하차인원,시간당 평균,925,969,-44
202312,서울특별시 강동구,고덕,승하차인원,08-09시 평균,1509,1736,-227
202312,서울특별시 강동구,고덕,승하차인원,12-13시 평균,1004,1001,3
202312,서울특별시 강동구,고덕,승하차인원,18-19시 평균,1546,1691,-145
202312,서울특별시 강동구,고덕,승하차인원,20-21시 평균,722,744,-22
202312,서울특별시 성북구,고려대,승하차인원,시간당 평균,781,892,-110
202312,서울특별시 성북구,고려대,승하차인원,08-09시 평균,1710,2078,-368
202312,서울특별시 성북구,고려대,승하차인원,12-13시 평균,752,807,-54
202312,서울특별시 성북구,고려대,승하차인원,18-19시 평균,1469,1788,-320
202312,서울특별시 성북구,고려대,승하차인원,20-21시 평균,686,775,-89
202312,서울특별시 서초구,고속터미널,승하차인원,시간당 평균,8017,7887,131
202312,서울특별시 서초구,고속터미널,승하차인원,08-09시 평균,7697,8583,-885
202312,서울특별시 서초구,고속터미널,승하차인원,12-13시 평균,10772,10061,711
202312,서울특별시 서초구,고속터미널,승하차인원,18-19시 평균,14103,14356,-253
202312,서울특별시 서초구,고속터미널,승하차인원,20-21시 평균,9286,9370,-84
202312,서울특별시 마포구,공덕,승하차인원,시간당 평균,3571,3785,-214
202312,서울특별시 마포구,공덕,승하차인원,08-09시 평균,8759,10301,-1543
202312,서울특별시 마포구,공덕,승하차인원,12-13시 평균,3295,3226,69
202312,서울특별시 마포구,공덕,승하차인원,18-19시 평균,8818,10082,-1264
202312,서울특별시 마포구,공덕,승하차인원,20-21시 평균,3345,3394,-48
202312,서울특별시 노원구,공릉,승하차인원,시간당 평균,1089,1182,-93
202312,서울특별시 노원구,공릉,승하차인원,08-09시 평균,2032,2429,-397
202312,서울특별시 노원구,공릉,승하차인원,12-13시 평균,1160,1236,-75
202312,서울특별시 노원구,공릉,승하차인원,18-19시 평균,2020,2296,-276
202312,서울특별시 노원구,공릉,승하차인원,20-21시 평균,1022,1071,-49
202312,서울특별시 강서구,공항시장,승하차인원,시간당 평균,284,292,-8
202312,서울특별시 강서구,공항시장,승하차인원,08-09시 평균,508,552,-44
202312,서울특별시 강서구,공항시장,승하차인원,12-13시 평균,306,306,0
202312,서울특별시 강서구,공항시장,승하차인원,18-19시 평균,509,542,-33
202312,서울특별시 강서구,공항시장,승하차인원,20-21시 평균,284,287,-3
202312,서울특별시 관악구,관악산,승하차인원,시간당 평균,242,290,-48
202312,서울특별시 관악구,관악산,승하차인원,08-09시 평균,510,620,-110
202312,서울특별시 관악구,관악산,승하차인원,12-13시 평균,334,373,-39
202312,서울특별시 관악구,관악산,승하차인원,18-19시 평균,300,383,-83
202312,서울특별시 관악구,관악산,승하차인원,20-21시 평균,125,142,-17
202312,서울특별시 광진구,광나루,승하차인원,시간당 평균,1208,1311,-102
202312,서울특별시 광진구,광나루,승하차인원,08-09시 평균,2478,2968,-490
202312,서울특별시 광진구,광나루,승하차인원,12-13시 평균,1243,1299,-56
202312,서울특별시 광진구,광나루,승하차인원,18-19시 평균,2245,2604,-359
202312,서울특별시 광진구,광나루,승하차인원,20-21시 평균,1033,1121,-88
202312,서울특별시 노원구,광운대,승하차인원,시간당 평균,739,832,-93
202312,서울특별시 노원구,광운대,승하차인원,08-09시 평균,1351,1758,-407
202312,서울특별시 노원구,광운대,승하차인원,12-13시 평균,805,888,-83
202312,서울특별시 노원구,광운대,승하차인원,18-19시 평균,1197,1381,-184
202312,서울특별시 노원구,광운대,승하차인원,20-21시 평균,630,674,-45
202312,서울특별시 종로구,광화문,승하차인원,시간당 평균,3326,3160,165
202312,서울특별시 종로구,광화문,승하차인원,08-09시 평균,8552,9962,-1411
202312,서울특별시 종로구,광화문,승하차인원,12-13시 평균,2807,2633,175
202312,서울특별시 종로구,광화문,승하차인원,18-19시 평균,9450,9151,298
202312,서울특별시 종로구,광화문,승하차인원,20-21시 평균,3712,2572,1140
202312,서울특별시 마포구,광흥창,승하차인원,시간당 평균,811,860,-50
202312,서울특별시 마포구,광흥창,승하차인원,08-09시 평균,1908,2187,-279
202312,서울특별시 마포구,광흥창,승하차인원,12-13시 평균,866,871,-5
202312,서울특별시 마포구,광흥창,승하차인원,18-19시 평균,1676,1906,-230
202312,서울특별시 마포구,광흥창,승하차인원,20-21시 평균,676,705,-29
202312,서울특별시 서초구,교대,승하차인원,시간당 평균,4065,4351,-286
202312,서울특별시 서초구,교대,승하차인원,08-09시 평균,7641,8924,-1283
202312,서울특별시 서초구,교대,승하차인원,12-13시 평균,4064,4092,-29
202312,서울특별시 서초구,교대,승하차인원,18-19시 평균,9252,10448,-1195
202312,서울특별시 서초구,교대,승하차인원,20-21시 평균,3840,3951,-112
202312,서울특별시 구로구,구로,승하차인원,시간당 평균,1642,1706,-64
202312,서울특별시 구로구,구로,승하차인원,08-09시 평균,3265,3763,-497
202312,서울특별시 구로구,구로,승하차인원,12-13시 평균,1604,1537,67
202312,서울특별시 구로구,구로,승하차인원,18-19시 평균,3066,3435,-368
202312,서울특별시 구로구,구로,승하차인원,20-21시 평균,1366,1371,-5
202312,서울특별시 구로구,구로디지털단지,승하차인원,시간당 평균,4956,5236,-280
202312,서울특별시 구로구,구로디지털단지,승하차인원,08-09시 평균,12286,14108,-1822
202312,서울특별시 구로구,구로디지털단지,승하차인원,12-13시 평균,4030,3836,195
202312,서울특별시 구로구,구로디지털단지,승하차인원,18-19시 평균,11137,12574,-1437
202312,서울특별시 구로구,구로디지털단지,승하차인원,20-21시 평균,4826,5042,-216
202312,서울특별시 강남구,구룡,승하차인원,시간당 평균,260,263,-3
202312,서울특별시 강남구,구룡,승하차인원,08-09시 평균,482,500,-19
202312,서울특별시 강남구,구룡,승하차인원,12-13시 평균,247,221,25
202312,서울특별시 강남구,구룡,승하차인원,18-19시 평균,355,355,0
202312,서울특별시 강남구,구룡,승하차인원,20-21시 평균,147,157,-11
202312,서울특별시 서초구,구반포,승하차인원,시간당 평균,94,102,-8
202312,서울특별시 서초구,구반포,승하차인원,08-09시 평균,176,201,-26
202312,서울특별시 서초구,구반포,승하차인원,12-13시 평균,102,100,2
202312,서울특별시 서초구,구반포,승하차인원,18-19시 평균,198,232,-34
202312,서울특별시 서초구,구반포,승하차인원,20-21시 평균,64,70,-5
202312,서울특별시 은평구,구산,승하차인원,시간당 평균,633,657,-23
202312,서울특별시 은평구,구산,승하차인원,08-09시 평균,1414,1549,-135
202312,서울특별시 은평구,구산,승하차인원,12-13시 평균,728,655,73
202312,서울특별시 은평구,구산,승하차인원,18-19시 평균,1009,1090,-81
202312,서울특별시 은평구,구산,승하차인원,20-21시 평균,486,518,-32
202312,서울특별시 광진구,구의,승하차인원,시간당 평균,2187,2282,-95
202312,서울특별시 광진구,구의,승하차인원,08-09시 평균,4806,5510,-704
202312,서울특별시 광진구,구의,승하차인원,12-13시 평균,1945,1872,73
202312,서울특별시 광진구,구의,승하차인원,18-19시 평균,4456,4891,-436
202312,서울특별시 광진구,구의,승하차인원,20-21시 평균,2115,2176,-62
202312,서울특별시 구로구,구일,승하차인원,시간당 평균,636,710,-74
202312,서울특별시 구로구,구일,승하차인원,08-09시 평균,1076,1289,-213
202312,서울특별시 구로구,구일,승하차인원,12-13시 평균,673,704,-32
202312,서울특별시 구로구,구일,승하차인원,18-19시 평균,1058,1346,-288
202312,서울특별시 구로구,구일,승하차인원,20-21시 평균,565,680,-115
202312,서울특별시 은평구,구파발,승하차인원,시간당 평균,1915,2002,-87
202312,서울특별시 은평구,구파발,승하차인원,08-09시 평균,3472,4006,-534
202312,서울특별시 은평구,구파발,승하차인원,12-13시 평균,2035,1935,100
202312,서울특별시 은평구,구파발,승하차인원,18-19시 평균,3304,3679,-375
202312,서울특별시 은평구,구파발,승하차인원,20-21시 평균,1680,1762,-82
202312,서울특별시 영등포구,국회의사당,승하차인원,시간당 평균,1409,1573,-164
202312,서울특별시 영등포구,국회의사당,승하차인원,08-09시 평균,4872,5653,-781
202312,서울특별시 영등포구,국회의사당,승하차인원,12-13시 평균,1237,1249,-11
202312,서울특별시 영등포구,국회의사당,승하차인원,18-19시 평균,3549,4207,-658
202312,서울특별시 영등포구,국회의사당,승하차인원,20-21시 평균,966,1030,-64
202312,서울특별시 광진구,군자,승하차인원,시간당 평균,2359,2435,-76
202312,서울특별시 광진구,군자,승하차인원,08-09시 평균,4927,5664,-737
202312,서울특별시 광진구,군자,승하차인원,12-13시 평균,2188,2066,122
202312,서울특별시 광진구,군자,승하차인원,18-19시 평균,5094,5539,-445
202312,서울특별시 광진구,군자,승하차인원,20-21시 평균,2412,2450,-37
202312,서울특별시 강동구,굽은다리,승하차인원,시간당 평균,902,880,22
202312,서울특별시 강동구,굽은다리,승하차인원,08-09시 평균,1677,1870,-193
202312,서울특별시 강동구,굽은다리,승하차인원,12-13시 평균,962,890,71
202312,서울특별시 강동구,굽은다리,승하차인원,18-19시 평균,1724,1796,-71
202312,서울특별시 강동구,굽은다리,승하차인원,20-21시 평균,849,804,45
202312,서울특별시 금천구,금천구청,승하차인원,시간당 평균,1009,1074,-65
202312,서울특별시 금천구,금천구청,승하차인원,08-09시 평균,2225,2541,-316
202312,서울특별시 금천구,금천구청,승하차인원,12-13시 평균,1010,969,41
202312,서울특별시 금천구,금천구청,승하차인원,18-19시 평균,2188,2419,-231
202312,서울특별시 금천구,금천구청,승하차인원,20-21시 평균,824,858,-34
202312,서울특별시 성동구,금호,승하차인원,시간당 평균,705,734,-30
202312,서울특별시 성동구,금호,승하차인원,08-09시 평균,1454,1660,-206
202312,서울특별시 성동구,금호,승하차인원,12-13시 평균,733,699,34
202312,서울특별시 성동구,금호,승하차인원,18-19시 평균,1309,1457,-148
202312,서울특별시 성동구,금호,승하차인원,20-21시 평균,646,681,-35
202312,서울특별시 강동구,길동,승하차인원,시간당 평균,761,766,-5
202312,서울특별시 강동구,길동,승하차인원,08-09시 평균,1417,1587,-170
202312,서울특별시 강동구,길동,승하차인원,12-13시 평균,880,838,41
202312,서울특별시 강동구,길동,승하차인원,18-19시 평균,1439,1515,-77
202312,서울특별시 강동구,길동,승하차인원,20-21시 평균,642,628,14
202312,서울특별시 성북구,길음,승하차인원,시간당 평균,1940,2090,-149
202312,서울특별시 성북구,길음,승하차인원,08-09시 평균,3645,4311,-666
202312,서울특별시 성북구,길음,승하차인원,12-13시 평균,1971,1983,-12
202312,서울특별시 성북구,길음,승하차인원,18-19시 평균,3528,4019,-491
202312,서울특별시 성북구,길음,승하차인원,20-21시 평균,1764,1889,-125
202312,서울특별시 강서구,김포공항,승하차인원,시간당 평균,2808,2746,62
202312,서울특별시 강서구,김포공항,승하차인원,시간당 평균,2808,2808,0
202312,서울특별시 강서구,김포공항,승하차인원,08-09시 평균,3652,3870,-219
202312,서울특별시 강서구,김포공항,승하차인원,08-09시 평균,3652,3652,0
202312,서울특별시 강서구,김포공항,승하차인원,12-13시 평균,3583,3343,240
202312,서울특별시 강서구,김포공항,승하차인원,12-13시 평균,3583,3583,0
202312,서울특별시 강서구,김포공항,승하차인원,18-19시 평균,4868,4982,-114
202312,서울특별시 강서구,김포공항,승하차인원,18-19시 평균,4868,4868,0
202312,서울특별시 강서구,김포공항,승하차인원,20-21시 평균,2325,2245,80
202312,서울특별시 강서구,김포공항,승하차인원,20-21시 평균,2325,2325,0
202312,서울특별시 강서구,까치산,승하차인원,시간당 평균,2487,2593,-106
202312,서울특별시 강서구,까치산,승하차인원,08-09시 평균,5381,6085,-705
202312,서울특별시 강서구,까치산,승하차인원,12-13시 평균,2321,2247,74
202312,서울특별시 강서구,까치산,승하차인원,18-19시 평균,4894,5366,-471
202312,서울특별시 강서구,까치산,승하차인원,20-21시 평균,2458,2561,-103
202312,서울특별시 관악구,낙성대,승하차인원,시간당 평균,2429,2561,-132
202312,서울특별시 관악구,낙성대,승하차인원,08-09시 평균,4961,5867,-906
202312,서울특별시 관악구,낙성대,승하차인원,12-13시 평균,2346,2234,112
202312,서울특별시 관악구,낙성대,승하차인원,18-19시 평균,4584,5093,-509
202312,서울특별시 관악구,낙성대,승하차인원,20-21시 평균,2481,2650,-169
202312,서울특별시 구로구,남구로,승하차인원,시간당 평균,1312,1412,-99
202312,서울특별시 구로구,남구로,승하차인원,08-09시 평균,3904,4459,-555
202312,서울특별시 구로구,남구로,승하차인원,12-13시 평균,1031,1003,27
202312,서울특별시 구로구,남구로,승하차인원,18-19시 평균,3096,3616,-521
202312,서울특별시 구로구,남구로,승하차인원,20-21시 평균,1008,1077,-69
202312,서울특별시 서초구,남부터미널,승하차인원,시간당 평균,2702,2813,-111
202312,서울특별시 서초구,남부터미널,승하차인원,08-09시 평균,5938,6920,-982
202312,서울특별시 서초구,남부터미널,승하차인원,12-13시 평균,2779,2592,187
202312,서울특별시 서초구,남부터미널,승하차인원,18-19시 평균,6082,6717,-634
202312,서울특별시 서초구,남부터미널,승하차인원,20-21시 평균,2297,2419,-121
202312,서울특별시 동작구,남성,승하차인원,시간당 평균,993,1061,-68
202312,서울특별시 동작구,남성,승하차인원,08-09시 평균,2189,2577,-388
202312,서울특별시 동작구,남성,승하차인원,12-13시 평균,1035,1013,22
202312,서울특별시 동작구,남성,승하차인원,18-19시 평균,1805,2080,-275
202312,서울특별시 동작구,남성,승하차인원,20-21시 평균,898,959,-62
202312,서울특별시 용산구,남영,승하차인원,시간당 평균,899,986,-88
202312,서울특별시 용산구,남영,승하차인원,08-09시 평균,2117,2531,-414
202312,서울특별시 용산구,남영,승하차인원,12-13시 평균,818,856,-38
202312,서울특별시 용산구,남영,승하차인원,18-19시 평균,2015,2297,-282
202312,서울특별시 용산구,남영,승하차인원,20-21시 평균,811,868,-57
202312,서울특별시 서초구,남태령,승하차인원,시간당 평균,113,118,-5
202312,서울특별시 서초구,남태령,승하차인원,08-09시 평균,276,317,-42
202312,서울특별시 서초구,남태령,승하차인원,12-13시 평균,132,125,7
202312,서울특별시 서초구,남태령,승하차인원,18-19시 평균,194,206,-13
202312,서울특별시 서초구,남태령,승하차인원,20-21시 평균,85,80,5
202312,서울특별시 서초구,내방,승하차인원,시간당 평균,1258,1362,-104
202312,서울특별시 서초구,내방,승하차인원,08-09시 평균,3324,3861,-537
202312,서울특별시 서초구,내방,승하차인원,12-13시 평균,1180,1187,-6
202312,서울특별시 서초구,내방,승하차인원,18-19시 평균,3023,3565,-543
202312,서울특별시 서초구,내방,승하차인원,20-21시 평균,1026,1102,-77
202312,서울특별시 동작구,노들,승하차인원,시간당 평균,390,410,-20
202312,서울특별시 동작구,노들,승하차인원,08-09시 평균,825,947,-122
202312,서울특별시 동작구,노들,승하차인원,12-13시 평균,400,398,2
202312,서울특별시 동작구,노들,승하차인원,18-19시 평균,677,754,-77
202312,서울특별시 동작구,노들,승하차인원,20-21시 평균,340,352,-12
202312,서울특별시 동작구,노량진,승하차인원,시간당 평균,3452,3395,57
202312,서울특별시 동작구,노량진,승하차인원,08-09시 평균,5666,6617,-951
202312,서울특별시 동작구,노량진,승하차인원,12-13시 평균,3587,3193,394
202312,서울특별시 동작구,노량진,승하차인원,18-19시 평균,7173,7406,-233
202312,서울특별시 동작구,노량진,승하차인원,20-21시 평균,3609,3537,71
202312,서울특별시 노원구,노원,승하차인원,시간당 평균,4424,3906,517
202312,서울특별시 노원구,노원,승하차인원,08-09시 평균,6540,6253,287
202312,서울특별시 노원구,노원,승하차인원,12-13시 평균,5258,4310,948
202312,서울특별시 노원구,노원,승하차인원,18-19시 평균,8486,7841,645
202312,서울특별시 노원구,노원,승하차인원,20-21시 평균,4548,3974,574
202312,서울특별시 은평구,녹번,승하차인원,시간당 평균,1328,1416,-88
202312,서울특별시 은평구,녹번,승하차인원,08-09시 평균,2973,3389,-417
202312,서울특별시 은평구,녹번,승하차인원,12-13시 평균,1247,1214,33
202312,서울특별시 은평구,녹번,승하차인원,18-19시 평균,2569,2942,-373
202312,서울특별시 은평구,녹번,승하차인원,20-21시 평균,1236,1306,-70
202312,서울특별시 용산구,녹사평,승하차인원,시간당 평균,493,505,-12
202312,서울특별시 용산구,녹사평,승하차인원,08-09시 평균,754,884,-130
202312,서울특별시 용산구,녹사평,승하차인원,12-13시 평균,504,493,12
202312,서울특별시 용산구,녹사평,승하차인원,18-19시 평균,1070,1154,-84
202312,서울특별시 용산구,녹사평,승하차인원,20-21시 평균,540,560,-21
202312,서울특별시 도봉구,녹천,승하차인원,시간당 평균,364,392,-28
202312,서울특별시 도봉구,녹천,승하차인원,08-09시 평균,752,874,-122
202312,서울특별시 도봉구,녹천,승하차인원,12-13시 평균,412,430,-18
202312,서울특별시 도봉구,녹천,승하차인원,18-19시 평균,558,647,-89
202312,서울특별시 도봉구,녹천,승하차인원,20-21시 평균,297,310,-13
202312,서울특별시 강남구,논현,승하차인원,시간당 평균,1544,1648,-104
202312,서울특별시 강남구,논현,승하차인원,08-09시 평균,3430,3952,-522
202312,서울특별시 강남구,논현,승하차인원,12-13시 평균,1163,1148,15
202312,서울특별시 강남구,논현,승하차인원,18-19시 평균,3888,4410,-522
202312,서울특별시 강남구,논현,승하차인원,20-21시 평균,1426,1513,-87
202312,서울특별시 성동구,답십리,승하차인원,시간당 평균,1374,1429,-55
202312,서울특별시 성동구,답십리,승하차인원,08-09시 평균,3438,3901,-463
202312,서울특별시 성동구,답십리,승하차인원,12-13시 평균,1260,1196,64
202312,서울특별시 성동구,답십리,승하차인원,18-19시 평균,2869,3186,-317
202312,서울특별시 성동구,답십리,승하차인원,20-21시 평균,1192,1238,-46
202312,서울특별시 노원구,당고개,승하차인원,시간당 평균,817,863,-46
202312,서울특별시 노원구,당고개,승하차인원,08-09시 평균,1500,1717,-218
202312,서울특별시 노원구,당고개,승하차인원,12-13시 평균,869,851,18
202312,서울특별시 노원구,당고개,승하차인원,18-19시 평균,1265,1379,-114
202312,서울특별시 노원구,당고개,승하차인원,20-21시 평균,727,750,-24
202312,서울특별시 관악구,당곡,승하차인원,시간당 평균,414,420,-7
202312,서울특별시 관악구,당곡,승하차인원,08-09시 평균,854,930,-76
202312,서울특별시 관악구,당곡,승하차인원,12-13시 평균,446,412,34
202312,서울특별시 관악구,당곡,승하차인원,18-19시 평균,819,889,-70
202312,서울특별시 관악구,당곡,승하차인원,20-21시 평균,401,405,-4
202312,서울특별시 영등포구,당산,승하차인원,시간당 평균,3418,3647,-229
202312,서울특별시 영등포구,당산,승하차인원,08-09시 평균,7239,8453,-1214
202312,서울특별시 영등포구,당산,승하차인원,12-13시 평균,3134,3152,-18
202312,서울특별시 영등포구,당산,승하차인원,18-19시 평균,7552,8622,-1070
202312,서울특별시 영등포구,당산,승하차인원,20-21시 평균,3496,3704,-208
202312,서울특별시 구로구,대림,승하차인원,시간당 평균,3110,3174,-64
202312,서울특별시 구로구,대림,승하차인원,08-09시 평균,5911,6575,-664
202312,서울특별시 구로구,대림,승하차인원,12-13시 평균,3427,3328,98
202312,서울특별시 구로구,대림,승하차인원,18-19시 평균,5102,5514,-412
202312,서울특별시 구로구,대림,승하차인원,20-21시 평균,2637,2660,-23
202312,서울특별시 강남구,대모산입구,승하차인원,시간당 평균,521,553,-32
202312,서울특별시 강남구,대모산입구,승하차인원,08-09시 평균,1160,1346,-186
202312,서울특별시 강남구,대모산입구,승하차인원,12-13시 평균,522,523,-1
202312,서울특별시 강남구,대모산입구,승하차인원,18-19시 평균,918,1037,-119
202312,서울특별시 강남구,대모산입구,승하차인원,20-21시 평균,426,455,-29
202312,서울특별시 영등포구,대방,승하차인원,시간당 평균,1210,1292,-82
202312,서울특별시 영등포구,대방,승하차인원,08-09시 평균,2704,3129,-425
202312,서울특별시 영등포구,대방,승하차인원,12-13시 평균,1191,1203,-12
202312,서울특별시 영등포구,대방,승하차인원,18-19시 평균,2543,2890,-346
202312,서울특별시 영등포구,대방,승하차인원,20-21시 평균,1048,1081,-33
202312,서울특별시 강남구,대청,승하차인원,시간당 평균,919,967,-48
202312,서울특별시 강남구,대청,승하차인원,08-09시 평균,2055,2343,-288
202312,서울특별시 강남구,대청,승하차인원,12-13시 평균,860,813,47
202312,서울특별시 강남구,대청,승하차인원,18-19시 평균,1782,1974,-192
202312,서울특별시 강남구,대청,승하차인원,20-21시 평균,810,835,-24
202312,서울특별시 강남구,대치,승하차인원,시간당 평균,1017,1138,-121
202312,서울특별시 강남구,대치,승하차인원,08-09시 평균,1647,2012,-365
202312,서울특별시 강남구,대치,승하차인원,12-13시 평균,1086,1150,-64
202312,서울특별시 강남구,대치,승하차인원,18-19시 평균,1852,2148,-296
202312,서울특별시 강남구,대치,승하차인원,20-21시 평균,866,973,-107
202312,서울특별시 마포구,대흥,승하차인원,시간당 평균,836,930,-94
202312,서울특별시 마포구,대흥,승하차인원,08-09시 평균,1797,2171,-374
202312,서울특별시 마포구,대흥,승하차인원,12-13시 평균,962,981,-19
202312,서울특별시 마포구,대흥,승하차인원,18-19시 평균,1610,1862,-251
202312,서울특별시 마포구,대흥,승하차인원,20-21시 평균,697,786,-89
202312,서울특별시 강남구,도곡,승하차인원,시간당 평균,1131,1173,-42
202312,서울특별시 강남구,도곡,승하차인원,08-09시 평균,2220,2531,-311
202312,서울특별시 강남구,도곡,승하차인원,12-13시 평균,1163,1137,25
202312,서울특별시 강남구,도곡,승하차인원,18-19시 평균,2120,2309,-189
202312,서울특별시 강남구,도곡,승하차인원,20-21시 평균,938,930,7
202312,서울특별시 구로구,도림천,승하차인원,시간당 평균,112,118,-6
202312,서울특별시 구로구,도림천,승하차인원,08-09시 평균,284,327,-43
202312,서울특별시 구로구,도림천,승하차인원,12-13시 평균,138,130,9
202312,서울특별시 구로구,도림천,승하차인원,18-19시 평균,197,221,-25
202312,서울특별시 구로구,도림천,승하차인원,20-21시 평균,81,84,-3
202312,서울특별시 도봉구,도봉,승하차인원,시간당 평균,512,539,-27
202312,서울특별시 도봉구,도봉,승하차인원,08-09시 평균,852,989,-137
202312,서울특별시 도봉구,도봉,승하차인원,12-13시 평균,617,616,1
202312,서울특별시 도봉구,도봉,승하차인원,18-19시 평균,812,886,-74
202312,서울특별시 도봉구,도봉,승하차인원,20-21시 평균,386,388,-2
202312,서울특별시 도봉구,도봉산,승하차인원,시간당 평균,1445,1572,-127
202312,서울특별시 도봉구,도봉산,승하차인원,08-09시 평균,2484,3008,-524
202312,서울특별시 도봉구,도봉산,승하차인원,12-13시 평균,1749,1780,-31
202312,서울특별시 도봉구,도봉산,승하차인원,18-19시 평균,2110,2437,-327
202312,서울특별시 도봉구,도봉산,승하차인원,20-21시 평균,1145,1214,-68
202312,서울특별시 서대문구,독립문,승하차인원,시간당 평균,683,748,-65
202312,서울특별시 서대문구,독립문,승하차인원,08-09시 평균,1256,1418,-162
202312,서울특별시 서대문구,독립문,승하차인원,12-13시 평균,912,979,-66
202312,서울특별시 서대문구,독립문,승하차인원,18-19시 평균,1023,1145,-123
202312,서울특별시 서대문구,독립문,승하차인원,20-21시 평균,489,502,-13
202312,서울특별시 은평구,독바위,승하차인원,시간당 평균,254,268,-14
202312,서울특별시 은평구,독바위,승하차인원,08-09시 평균,511,578,-67
202312,서울특별시 은평구,독바위,승하차인원,12-13시 평균,247,246,1
202312,서울특별시 은평구,독바위,승하차인원,18-19시 평균,466,519,-52
202312,서울특별시 은평구,독바위,승하차인원,20-21시 평균,237,251,-14
202312,서울특별시 금천구,독산,승하차인원,시간당 평균,1506,1652,-146
202312,서울특별시 금천구,독산,승하차인원,08-09시 평균,4389,5218,-828
202312,서울특별시 금천구,독산,승하차인원,12-13시 평균,1156,1132,25
202312,서울특별시 금천구,독산,승하차인원,18-19시 평균,3565,4064,-499
202312,서울특별시 금천구,독산,승하차인원,20-21시 평균,1203,1309,-106
202312,서울특별시 성북구,돌곶이,승하차인원,시간당 평균,887,930,-43
202312,서울특별시 성북구,돌곶이,승하차인원,08-09시 평균,1912,2227,-315
202312,서울특별시 성북구,돌곶이,승하차인원,12-13시 평균,889,874,15
202312,서울특별시 성북구,돌곶이,승하차인원,18-19시 평균,1547,1740,-193
202312,서울특별시 성북구,돌곶이,승하차인원,20-21시 평균,741,764,-24
202312,서울특별시 종로구,동대문,승하차인원,시간당 평균,2891,3016,-126
202312,서울특별시 종로구,동대문,승하차인원,08-09시 평균,3445,3967,-522
202312,서울특별시 종로구,동대문,승하차인원,12-13시 평균,4295,4299,-4
202312,서울특별시 종로구,동대문,승하차인원,18-19시 평균,4090,4356,-267
202312,서울특별시 종로구,동대문,승하차인원,20-21시 평균,2270,2380,-111
202312,서울특별시 중구,동대문역사문화공원,승하차인원,시간당 평균,3502,3481,21
202312,서울특별시 중구,동대문역사문화공원,승하차인원,08-09시 평균,5234,6018,-784
202312,서울특별시 중구,동대문역사문화공원,승하차인원,12-13시 평균,3765,3594,171
202312,서울특별시 중구,동대문역사문화공원,승하차인원,18-19시 평균,7197,7508,-311
202312,서울특별시 중구,동대문역사문화공원,승하차인원,20-21시 평균,3838,3746,93
202312,서울특별시 중구,동대입구,승하차인원,시간당 평균,1027,1201,-173
202312,서울특별시 중구,동대입구,승하차인원,08-09시 평균,1799,2263,-464
202312,서울특별시 중구,동대입구,승하차인원,12-13시 평균,1046,1257,-211
202312,서울특별시 중구,동대입구,승하차인원,18-19시 평균,2107,2507,-400
202312,서울특별시 중구,동대입구,승하차인원,20-21시 평균,1216,1242,-26
202312,서울특별시 종로구,동묘앞,승하차인원,시간당 평균,1683,1748,-65
202312,서울특별시 종로구,동묘앞,승하차인원,08-09시 평균,2068,2444,-376
202312,서울특별시 종로구,동묘앞,승하차인원,12-13시 평균,2832,2807,26
202312,서울특별시 종로구,동묘앞,승하차인원,18-19시 평균,2202,2351,-149
202312,서울특별시 종로구,동묘앞,승하차인원,20-21시 평균,1012,1008,5
202312,서울특별시 동작구,동작,승하차인원,시간당 평균,253,291,-38
202312,서울특별시 동작구,동작,승하차인원,08-09시 평균,461,560,-99
202312,서울특별시 동작구,동작,승하차인원,12-13시 평균,289,330,-41
202312,서울특별시 동작구,동작,승하차인원,18-19시 평균,444,536,-91
202312,서울특별시 동작구,동작,승하차인원,20-21시 평균,211,241,-29
202312,서울특별시 강동구,둔촌동,승하차인원,시간당 평균,808,834,-26
202312,서울특별시 강동구,둔촌동,승하차인원,08-09시 평균,1445,1636,-191
202312,서울특별시 강동구,둔촌동,승하차인원,12-13시 평균,850,795,54
202312,서울특별시 강동구,둔촌동,승하차인원,18-19시 평균,1603,1791,-188
202312,서울특별시 강동구,둔촌동,승하차인원,20-21시 평균,652,643,9
202312,서울특별시 강동구,둔촌오륜,승하차인원,시간당 평균,99,109,-10
202312,서울특별시 강동구,둔촌오륜,승하차인원,08-09시 평균,187,233,-46
202312,서울특별시 강동구,둔촌오륜,승하차인원,12-13시 평균,94,88,6
202312,서울특별시 강동구,둔촌오륜,승하차인원,18-19시 평균,154,182,-29
202312,서울특별시 강동구,둔촌오륜,승하차인원,20-21시 평균,74,79,-5
202312,서울특별시 강서구,등촌,승하차인원,시간당 평균,1040,1088,-48
202312,서울특별시 강서구,등촌,승하차인원,08-09시 평균,2339,2654,-315
202312,서울특별시 강서구,등촌,승하차인원,12-13시 평균,1053,1003,50
202312,서울특별시 강서구,등촌,승하차인원,18-19시 평균,2038,2267,-229
202312,서울특별시 강서구,등촌,승하차인원,20-21시 평균,904,938,-34
202312,서울특별시 은평구,디지털미디어시티,승하차인원,시간당 평균,2685,2985,-300
202312,서울특별시 은평구,디지털미디어시티,승하차인원,08-09시 평균,7560,8947,-1387
202312,서울특별시 은평구,디지털미디어시티,승하차인원,12-13시 평균,2094,2091,3
202312,서울특별시 은평구,디지털미디어시티,승하차인원,18-19시 평균,6735,8052,-1316
202312,서울특별시 은평구,디지털미디어시티,승하차인원,20-21시 평균,2291,2472,-181
202312,서울특별시 성동구,뚝섬,승하차인원,시간당 평균,2267,2307,-40
202312,서울특별시 성동구,뚝섬,승하차인원,08-09시 평균,4941,5734,-793
202312,서울특별시 성동구,뚝섬,승하차인원,12-13시 평균,2165,1924,241
202312,서울특별시 성동구,뚝섬,승하차인원,18-19시 평균,5719,6333,-614
202312,서울특별시 성동구,뚝섬,승하차인원,20-21시 평균,2067,2065,1
202312,서울특별시 광진구,뚝섬유원지,승하차인원,시간당 평균,733,742,-8
202312,서울특별시 광진구,뚝섬유원지,승하차인원,08-09시 평균,1361,1580,-218
202312,서울특별시 광진구,뚝섬유원지,승하차인원,12-13시 평균,682,636,45
202312,서울특별시 광진구,뚝섬유원지,승하차인원,18-19시 평균,1440,1517,-77
202312,서울특별시 광진구,뚝섬유원지,승하차인원,20-21시 평균,705,731,-26
202312,서울특별시 강서구,마곡,승하차인원,시간당 평균,1037,1091,-55
202312,서울특별시 강서구,마곡,승하차인원,08-09시 평균,2459,2848,-390
202312,서울특별시 강서구,마곡,승하차인원,12-13시 평균,889,831,58
202312,서울특별시 강서구,마곡,승하차인원,18-19시 평균,2210,2502,-292
202312,서울특별시 강서구,마곡,승하차인원,20-21시 평균,818,856,-38
202312,서울특별시 강서구,마곡나루,승하차인원,시간당 평균,2029,2213,-184
202312,서울특별시 강서구,마곡나루,승하차인원,08-09시 평균,5123,6119,-996
202312,서울특별시 강서구,마곡나루,승하차인원,12-13시 평균,1519,1494,26
202312,서울특별시 강서구,마곡나루,승하차인원,18-19시 평균,4749,5611,-862
202312,서울특별시 강서구,마곡나루,승하차인원,20-21시 평균,1793,1895,-102
202312,서울특별시 노원구,마들,승하차인원,시간당 평균,1125,1194,-69
202312,서울특별시 노원구,마들,승하차인원,08-09시 평균,2313,2669,-356
202312,서울특별시 노원구,마들,승하차인원,12-13시 평균,1181,1153,28
202312,서울특별시 노원구,마들,승하차인원,18-19시 평균,1834,2072,-238
202312,서울특별시 노원구,마들,승하차인원,20-21시 평균,1010,1094,-84
202312,서울특별시 성동구,마장,승하차인원,시간당 평균,528,546,-18
202312,서울특별시 성동구,마장,승하차인원,08-09시 평균,1115,1251,-135
202312,서울특별시 성동구,마장,승하차인원,12-13시 평균,625,609,16
202312,서울특별시 성동구,마장,승하차인원,18-19시 평균,984,1050,-66
202312,서울특별시 성동구,마장,승하차인원,20-21시 평균,459,456,4
202312,서울특별시 송파구,마천,승하차인원,시간당 평균,647,687,-40
202312,서울특별시 송파구,마천,승하차인원,08-09시 평균,1405,1593,-188
202312,서울특별시 송파구,마천,승하차인원,12-13시 평균,620,603,17
202312,서울특별시 송파구,마천,승하차인원,18-19시 평균,1148,1293,-144
202312,서울특별시 송파구,마천,승하차인원,20-21시 평균,514,530,-16
202312,서울특별시 마포구,마포,승하차인원,시간당 평균,1333,1372,-39
202312,서울특별시 마포구,마포,승하차인원,08-09시 평균,3404,3893,-489
202312,서울특별시 마포구,마포,승하차인원,12-13시 평균,1215,1158,58
202312,서울특별시 마포구,마포,승하차인원,18-19시 평균,3422,3697,-274
202312,서울특별시 마포구,마포,승하차인원,20-21시 평균,1237,1219,18
202312,서울특별시 마포구,마포구청,승하차인원,시간당 평균,1226,1311,-86
202312,서울특별시 마포구,마포구청,승하차인원,08-09시 평균,2884,3287,-402
202312,서울특별시 마포구,마포구청,승하차인원,12-13시 평균,1254,1266,-11
202312,서울특별시 마포구,마포구청,승하차인원,18-19시 평균,2505,2782,-276
202312,서울특별시 마포구,마포구청,승하차인원,20-21시 평균,1068,1149,-81
202312,서울특별시 중랑구,망우,승하차인원,시간당 평균,693,732,-38
202312,서울특별시 중랑구,망우,승하차인원,08-09시 평균,1155,1351,-195
202312,서울특별시 중랑구,망우,승하차인원,12-13시 평균,781,763,18
202312,서울특별시 중랑구,망우,승하차인원,18-19시 평균,1268,1403,-135
202312,서울특별시 중랑구,망우,승하차인원,20-21시 평균,623,638,-15
202312,서울특별시 마포구,망원,승하차인원,시간당 평균,1452,1456,-5
202312,서울특별시 마포구,망원,승하차인원,08-09시 평균,2149,2433,-284
202312,서울특별시 마포구,망원,승하차인원,12-13시 평균,1732,1673,58
202312,서울특별시 마포구,망원,승하차인원,18-19시 평균,2920,3091,-171
202312,서울특별시 마포구,망원,승하차인원,20-21시 평균,1411,1397,15
202312,서울특별시 강남구,매봉,승하차인원,시간당 평균,1070,1126,-56
202312,서울특별시 강남구,매봉,승하차인원,08-09시 평균,2985,3479,-494
202312,서울특별시 강남구,매봉,승하차인원,12-13시 평균,965,922,42
202312,서울특별시 강남구,매봉,승하차인원,18-19시 평균,2713,3058,-345
202312,서울특별시 강남구,매봉,승하차인원,20-21시 평균,842,839,3
202312,서울특별시 중랑구,먹골,승하차인원,시간당 평균,922,957,-35
202312,서울특별시 중랑구,먹골,승하차인원,08-09시 평균,1889,2124,-235
202312,서울특별시 중랑구,먹골,승하차인원,12-13시 평균,947,917,29
202312,서울특별시 중랑구,먹골,승하차인원,18-19시 평균,1741,1866,-125
202312,서울특별시 중랑구,먹골,승하차인원,20-21시 평균,901,941,-40
202312,서울특별시 중랑구,면목,승하차인원,시간당 평균,1348,1441,-92
202312,서울특별시 중랑구,면목,승하차인원,08-09시 평균,3027,3606,-579
202312,서울특별시 중랑구,면목,승하차인원,12-13시 평균,1362,1368,-6
202312,서울특별시 중랑구,면목,승하차인원,18-19시 평균,2351,2574,-223
202312,서울특별시 중랑구,면목,승하차인원,20-21시 평균,1220,1283,-63
202312,서울특별시 중구,명동,승하차인원,시간당 평균,3587,3463,125
202312,서울특별시 중구,명동,승하차인원,08-09시 평균,4091,4893,-802
202312,서울특별시 중구,명동,승하차인원,12-13시 평균,4030,3862,168
202312,서울특별시 중구,명동,승하차인원,18-19시 평균,7823,7534,289
202312,서울특별시 중구,명동,승하차인원,20-21시 평균,4604,4113,491
202312,서울특별시 강동구,명일,승하차인원,시간당 평균,832,857,-26
202312,서울특별시 강동구,명일,승하차인원,08-09시 평균,1483,1715,-232
202312,서울특별시 강동구,명일,승하차인원,12-13시 평균,854,819,34
202312,서울특별시 강동구,명일,승하차인원,18-19시 평균,1603,1764,-160
202312,서울특별시 강동구,명일,승하차인원,20-21시 평균,746,755,-9
202312,서울특별시 양천구,목동,승하차인원,시간당 평균,1514,1600,-86
202312,서울특별시 양천구,목동,승하차인원,08-09시 평균,3080,3539,-459
202312,서울특별시 양천구,목동,승하차인원,12-13시 평균,1420,1360,60
202312,서울특별시 양천구,목동,승하차인원,18-19시 평균,3339,3780,-441
202312,서울특별시 양천구,목동,승하차인원,20-21시 평균,1460,1530,-70
202312,서울특별시 송파구,몽촌토성,승하차인원,시간당 평균,622,639,-17
202312,서울특별시 송파구,몽촌토성,승하차인원,08-09시 평균,1422,1639,-217
202312,서울특별시 송파구,몽촌토성,승하차인원,12-13시 평균,598,565,33
202312,서울특별시 송파구,몽촌토성,승하차인원,18-19시 평균,1328,1383,-55
202312,서울특별시 송파구,몽촌토성,승하차인원,20-21시 평균,535,513,23
202312,서울특별시 서대문구,무악재,승하차인원,시간당 평균,388,417,-29
202312,서울특별시 서대문구,무악재,승하차인원,08-09시 평균,790,912,-121
202312,서울특별시 서대문구,무악재,승하차인원,12-13시 평균,390,393,-3
202312,서울특별시 서대문구,무악재,승하차인원,18-19시 평균,719,808,-90
202312,서울특별시 서대문구,무악재,승하차인원,20-21시 평균,371,389,-19
202312,서울특별시 영등포구,문래,승하차인원,시간당 평균,1984,2079,-96
202312,서울특별시 영등포구,문래,승하차인원,08-09시 평균,5566,6293,-726
202312,서울특별시 영등포구,문래,승하차인원,12-13시 평균,1762,1735,27
202312,서울특별시 영등포구,문래,승하차인원,18-19시 평균,5234,5815,-581
202312,서울특별시 영등포구,문래,승하차인원,20-21시 평균,1707,1753,-46
202312,서울특별시 송파구,문정,승하차인원,시간당 평균,1797,1964,-167
202312,서울특별시 송파구,문정,승하차인원,08-09시 평균,6045,7076,-1031
202312,서울특별시 송파구,문정,승하차인원,12-13시 평균,1346,1327,19
202312,서울특별시 송파구,문정,승하차인원,18-19시 평균,4803,5647,-844
202312,서울특별시 송파구,문정,승하차인원,20-21시 평균,1389,1486,-97
202312,서울특별시 강북구,미아,승하차인원,시간당 평균,1372,1446,-73
202312,서울특별시 강북구,미아,승하차인원,08-09시 평균,2766,3169,-403
202312,서울특별시 강북구,미아,승하차인원,12-13시 평균,1519,1464,55
202312,서울특별시 강북구,미아,승하차인원,18-19시 평균,2358,2587,-229
202312,서울특별시 강북구,미아,승하차인원,20-21시 평균,1181,1212,-31
202312,서울특별시 강북구,미아사거리,승하차인원,시간당 평균,2463,2515,-52
202312,서울특별시 강북구,미아사거리,승하차인원,08-09시 평균,4055,4523,-468
202312,서울특별시 강북구,미아사거리,승하차인원,12-13시 평균,2614,2461,153
202312,서울특별시 강북구,미아사거리,승하차인원,18-19시 평균,4616,4877,-261
202312,서울특별시 강북구,미아사거리,승하차인원,20-21시 평균,2587,2593,-6
202312,서울특별시 서초구,반포,승하차인원,시간당 평균,555,588,-33
202312,서울특별시 서초구,반포,승하차인원,08-09시 평균,926,1092,-166
202312,서울특별시 서초구,반포,승하차인원,12-13시 평균,593,607,-14
202312,서울특별시 서초구,반포,승하차인원,18-19시 평균,939,1021,-81
202312,서울특별시 서초구,반포,승하차인원,20-21시 평균,471,490,-19
202312,서울특별시 강서구,발산,승하차인원,시간당 평균,2065,2119,-53
202312,서울특별시 강서구,발산,승하차인원,08-09시 평균,4577,5341,-764
202312,서울특별시 강서구,발산,승하차인원,12-13시 평균,2057,1962,95
202312,서울특별시 강서구,발산,승하차인원,18-19시 평균,4748,5173,-425
202312,서울특별시 강서구,발산,승하차인원,20-21시 평균,1974,1909,65
202312,서울특별시 서초구,방배,승하차인원,시간당 평균,1510,1692,-182
202312,서울특별시 서초구,방배,승하차인원,08-09시 평균,3039,3690,-650
202312,서울특별시 서초구,방배,승하차인원,12-13시 평균,1650,1725,-74
202312,서울특별시 서초구,방배,승하차인원,18-19시 평균,3007,3526,-520
202312,서울특별시 서초구,방배,승하차인원,20-21시 평균,1298,1430,-132
202312,서울특별시 송파구,방이,승하차인원,시간당 평균,682,711,-29
202312,서울특별시 송파구,방이,승하차인원,08-09시 평균,1329,1500,-171
202312,서울특별시 송파구,방이,승하차인원,12-13시 평균,757,718,39
202312,서울특별시 송파구,방이,승하차인원,18-19시 평균,1325,1498,-173
202312,서울특별시 송파구,방이,승하차인원,20-21시 평균,629,666,-37
202312,서울특별시 도봉구,방학,승하차인원,시간당 평균,895,930,-35
202312,서울특별시 도봉구,방학,승하차인원,08-09시 평균,1549,1793,-244
202312,서울특별시 도봉구,방학,승하차인원,12-13시 평균,1064,1048,17
202312,서울특별시 도봉구,방학,승하차인원,18-19시 평균,1461,1607,-145
202312,서울특별시 도봉구,방학,승하차인원,20-21시 평균,739,736,3
202312,서울특별시 강서구,방화,승하차인원,시간당 평균,616,640,-24
202312,서울특별시 강서구,방화,승하차인원,08-09시 평균,1274,1438,-164
202312,서울특별시 강서구,방화,승하차인원,12-13시 평균,650,650,0
202312,서울특별시 강서구,방화,승하차인원,18-19시 평균,1016,1124,-108
202312,서울특별시 강서구,방화,승하차인원,20-21시 평균,526,547,-21
202312,서울특별시 중구,버티고개,승하차인원,시간당 평균,198,210,-12
202312,서울특별시 중구,버티고개,승하차인원,08-09시 평균,398,471,-72
202312,서울특별시 중구,버티고개,승하차인원,12-13시 평균,197,196,2
202312,서울특별시 중구,버티고개,승하차인원,18-19시 평균,402,458,-56
202312,서울특별시 중구,버티고개,승하차인원,20-21시 평균,182,190,-9
202312,서울특별시 동작구,보라매,승하차인원,시간당 평균,951,1007,-56
202312,서울특별시 동작구,보라매,승하차인원,08-09시 평균,2250,2621,-371
202312,서울특별시 동작구,보라매,승하차인원,12-13시 평균,979,965,13
202312,서울특별시 동작구,보라매,승하차인원,18-19시 평균,2019,2307,-288
202312,서울특별시 동작구,보라매,승하차인원,20-21시 평균,886,897,-11
202312,서울특별시 동작구,보라매공원,승하차인원,시간당 평균,189,201,-12
202312,서울특별시 동작구,보라매공원,승하차인원,08-09시 평균,475,523,-47
202312,서울특별시 동작구,보라매공원,승하차인원,12-13시 평균,220,213,7
202312,서울특별시 동작구,보라매공원,승하차인원,18-19시 평균,384,439,-55
202312,서울특별시 동작구,보라매공원,승하차인원,20-21시 평균,141,151,-10
202312,서울특별시 동작구,보라매병원,승하차인원,시간당 평균,642,665,-23
202312,서울특별시 동작구,보라매병원,승하차인원,08-09시 평균,1784,2015,-231
202312,서울특별시 동작구,보라매병원,승하차인원,12-13시 평균,701,669,32
202312,서울특별시 동작구,보라매병원,승하차인원,18-19시 평균,1395,1567,-172
202312,서울특별시 동작구,보라매병원,승하차인원,20-21시 평균,446,424,22
202312,서울특별시 성북구,보문,승하차인원,시간당 평균,829,888,-59
202312,서울특별시 성북구,보문,승하차인원,08-09시 평균,1916,2236,-320
202312,서울특별시 성북구,보문,승하차인원,12-13시 평균,818,840,-22
202312,서울특별시 성북구,보문,승하차인원,18-19시 평균,1544,1772,-228
202312,서울특별시 성북구,보문,승하차인원,20-21시 평균,727,781,-54
202312,서울특별시 송파구,복정,승하차인원,시간당 평균,757,833,-76
202312,서울특별시 송파구,복정,승하차인원,08-09시 평균,1649,1942,-293
202312,서울특별시 송파구,복정,승하차인원,12-13시 평균,718,737,-18
202312,서울특별시 송파구,복정,승하차인원,18-19시 평균,1570,1845,-275
202312,서울특별시 송파구,복정,승하차인원,20-21시 평균,680,737,-57
202312,서울특별시 강남구,봉은사,승하차인원,시간당 평균,2058,2106,-48
202312,서울특별시 강남구,봉은사,승하차인원,08-09시 평균,3734,4631,-898
202312,서울특별시 강남구,봉은사,승하차인원,12-13시 평균,2386,2163,223
202312,서울특별시 강남구,봉은사,승하차인원,18-19시 평균,4637,5176,-538
202312,서울특별시 강남구,봉은사,승하차인원,20-21시 평균,1828,1754,75
202312,서울특별시 관악구,봉천,승하차인원,시간당 평균,2074,2164,-90
202312,서울특별시 관악구,봉천,승하차인원,08-09시 평균,4499,5138,-639
202312,서울특별시 관악구,봉천,승하차인원,12-13시 평균,2050,1955,95
202312,서울특별시 관악구,봉천,승하차인원,18-19시 평균,3645,4013,-368
202312,서울특별시 관악구,봉천,승하차인원,20-21시 평균,2003,2096,-93
202312,서울특별시 중랑구,봉화산,승하차인원,시간당 평균,764,811,-47
202312,서울특별시 중랑구,봉화산,승하차인원,08-09시 평균,1679,1919,-240
202312,서울특별시 중랑구,봉화산,승하차인원,12-13시 평균,711,705,7
202312,서울특별시 중랑구,봉화산,승하차인원,18-19시 평균,1331,1467,-136
202312,서울특별시 중랑구,봉화산,승하차인원,20-21시 평균,683,710,-27
202312,서울특별시 성북구,북한산보국문,승하차인원,시간당 평균,579,619,-40
202312,서울특별시 성북구,북한산보국문,승하차인원,08-09시 평균,1051,1235,-184
202312,서울특별시 성북구,북한산보국문,승하차인원,12-13시 평균,621,601,19
202312,서울특별시 성북구,북한산보국문,승하차인원,18-19시 평균,1017,1188,-171
202312,서울특별시 성북구,북한산보국문,승하차인원,20-21시 평균,547,565,-18
202312,서울특별시 강북구,북한산우이,승하차인원,시간당 평균,265,305,-39
202312,서울특별시 강북구,북한산우이,승하차인원,08-09시 평균,469,570,-101
202312,서울특별시 강북구,북한산우이,승하차인원,12-13시 평균,413,420,-7
202312,서울특별시 강북구,북한산우이,승하차인원,18-19시 평균,314,376,-62
202312,서울특별시 강북구,북한산우이,승하차인원,20-21시 평균,159,175,-17
202312,서울특별시 은평구,불광,승하차인원,시간당 평균,1966,2045,-79
202312,서울특별시 은평구,불광,승하차인원,08-09시 평균,3550,4089,-539
202312,서울특별시 은평구,불광,승하차인원,12-13시 평균,2231,2173,58
202312,서울특별시 은평구,불광,승하차인원,18-19시 평균,3595,3997,-402
202312,서울특별시 은평구,불광,승하차인원,20-21시 평균,1758,1806,-48
202312,서울특별시 중랑구,사가정,승하차인원,시간당 평균,1459,1529,-70
202312,서울특별시 중랑구,사가정,승하차인원,08-09시 평균,2972,3413,-442
202312,서울특별시 중랑구,사가정,승하차인원,12-13시 평균,1494,1453,40
202312,서울특별시 중랑구,사가정,승하차인원,18-19시 평균,2762,3069,-307
202312,서울특별시 중랑구,사가정,승하차인원,20-21시 평균,1357,1456,-99
202312,서울특별시 동작구,사당,승하차인원,시간당 평균,6375,6339,36
202312,서울특별시 동작구,사당,승하차인원,08-09시 평균,8415,9901,-1486
202312,서울특별시 동작구,사당,승하차인원,12-13시 평균,6423,5892,531
202312,서울특별시 동작구,사당,승하차인원,18-19시 평균,13793,14314,-520
202312,서울특별시 동작구,사당,승하차인원,20-21시 평균,7121,6998,122
202312,서울특별시 서초구,사평,승하차인원,시간당 평균,358,370,-12
202312,서울특별시 서초구,사평,승하차인원,08-09시 평균,720,799,-79
202312,서울특별시 서초구,사평,승하차인원,12-13시 평균,400,379,22
202312,서울특별시 서초구,사평,승하차인원,18-19시 평균,696,772,-75
202312,서울특별시 서초구,사평,승하차인원,20-21시 평균,317,322,-5
202312,서울특별시 용산구,삼각지,승하차인원,시간당 평균,1311,1316,-5
202312,서울특별시 용산구,삼각지,승하차인원,08-09시 평균,2238,2579,-341
202312,서울특별시 용산구,삼각지,승하차인원,12-13시 평균,1358,1247,111
202312,서울특별시 용산구,삼각지,승하차인원,18-19시 평균,3018,3289,-271
202312,서울특별시 용산구,삼각지,승하차인원,20-21시 평균,1288,1270,18
202312,서울특별시 강남구,삼성,승하차인원,시간당 평균,5101,5243,-142
202312,서울특별시 강남구,삼성,승하차인원,08-09시 평균,10300,12442,-2142
202312,서울특별시 강남구,삼성,승하차인원,12-13시 평균,4803,4389,414
202312,서울특별시 강남구,삼성,승하차인원,18-19시 평균,12085,13233,-1148
202312,서울특별시 강남구,삼성,승하차인원,20-21시 평균,5108,4955,153
202312,서울특별시 강남구,삼성중앙,승하차인원,시간당 평균,661,710,-49
202312,서울특별시 강남구,삼성중앙,승하차인원,08-09시 평균,1553,1835,-282
202312,서울특별시 강남구,삼성중앙,승하차인원,12-13시 평균,563,573,-10
202312,서울특별시 강남구,삼성중앙,승하차인원,18-19시 평균,1721,1965,-243
202312,서울특별시 강남구,삼성중앙,승하차인원,20-21시 평균,561,578,-17
202312,서울특별시 강북구,삼양,승하차인원,시간당 평균,188,197,-9
202312,서울특별시 강북구,삼양,승하차인원,08-09시 평균,348,400,-51
202312,서울특별시 강북구,삼양,승하차인원,12-13시 평균,242,239,3
202312,서울특별시 강북구,삼양,승하차인원,18-19시 평균,277,294,-17
202312,서울특별시 강북구,삼양,승하차인원,20-21시 평균,147,155,-8
202312,서울특별시 강북구,삼양사거리,승하차인원,시간당 평균,232,244,-12
202312,서울특별시 강북구,삼양사거리,승하차인원,08-09시 평균,426,484,-59
202312,서울특별시 강북구,삼양사거리,승하차인원,12-13시 평균,306,306,-1
202312,서울특별시 강북구,삼양사거리,승하차인원,18-19시 평균,354,383,-29
202312,서울특별시 강북구,삼양사거리,승하차인원,20-21시 평균,182,187,-5
202312,서울특별시 송파구,삼전,승하차인원,시간당 평균,671,695,-25
202312,서울특별시 송파구,삼전,승하차인원,08-09시 평균,1491,1714,-223
202312,서울특별시 송파구,삼전,승하차인원,12-13시 평균,629,617,12
202312,서울특별시 송파구,삼전,승하차인원,18-19시 평균,1343,1479,-136
202312,서울특별시 송파구,삼전,승하차인원,20-21시 평균,656,681,-25
202312,서울특별시 노원구,상계,승하차인원,시간당 평균,1700,1781,-81
202312,서울특별시 노원구,상계,승하차인원,08-09시 평균,3058,3436,-378
202312,서울특별시 노원구,상계,승하차인원,12-13시 평균,1784,1749,35
202312,서울특별시 노원구,상계,승하차인원,18-19시 평균,2911,3142,-231
202312,서울특별시 노원구,상계,승하차인원,20-21시 평균,1601,1655,-55
202312,서울특별시 동작구,상도,승하차인원,시간당 평균,1048,1182,-134
202312,서울특별시 동작구,상도,승하차인원,08-09시 평균,2064,2495,-431
202312,서울특별시 동작구,상도,승하차인원,12-13시 평균,1123,1313,-190
202312,서울특별시 동작구,상도,승하차인원,18-19시 평균,2002,2391,-389
202312,서울특별시 동작구,상도,승하차인원,20-21시 평균,968,1071,-102
202312,서울특별시 중랑구,상봉,승하차인원,시간당 평균,2063,2130,-68
202312,서울특별시 중랑구,상봉,승하차인원,08-09시 평균,4078,4705,-627
202312,서울특별시 중랑구,상봉,승하차인원,12-13시 평균,2037,1940,97
202312,서울특별시 중랑구,상봉,승하차인원,18-19시 평균,4111,4436,-325
202312,서울특별시 중랑구,상봉,승하차인원,20-21시 평균,2115,2178,-63
202312,서울특별시 마포구,상수,승하차인원,시간당 평균,1057,1063,-6
202312,서울특별시 마포구,상수,승하차인원,08-09시 평균,1191,1340,-150
202312,서울특별시 마포구,상수,승하차인원,12-13시 평균,1131,1076,54
202312,서울특별시 마포구,상수,승하차인원,18-19시 평균,2246,2330,-84
202312,서울특별시 마포구,상수,승하차인원,20-21시 평균,1243,1220,23
202312,서울특별시 성동구,상왕십리,승하차인원,시간당 평균,1278,1334,-57
202312,서울특별시 성동구,상왕십리,승하차인원,08-09시 평균,2958,3399,-441
202312,서울특별시 성동구,상왕십리,승하차인원,12-13시 평균,1270,1231,39
202312,서울특별시 성동구,상왕십리,승하차인원,18-19시 평균,2565,2801,-236
202312,서울특별시 성동구,상왕십리,승하차인원,20-21시 평균,1198,1222,-24
202312,서울특별시 성북구,상월곡,승하차인원,시간당 평균,564,625,-61
202312,서울특별시 성북구,상월곡,승하차인원,08-09시 평균,1321,1538,-217
202312,서울특별시 성북구,상월곡,승하차인원,12-13시 평균,563,583,-21
202312,서울특별시 성북구,상월곡,승하차인원,18-19시 평균,944,1057,-113
202312,서울특별시 성북구,상월곡,승하차인원,20-21시 평균,444,481,-38
202312,서울특별시 강동구,상일동,승하차인원,시간당 평균,1270,1314,-43
202312,서울특별시 강동구,상일동,승하차인원,08-09시 평균,2389,2682,-293
202312,서울특별시 강동구,상일동,승하차인원,12-13시 평균,1191,1144,46
202312,서울특별시 강동구,상일동,승하차인원,18-19시 평균,2381,2644,-263
202312,서울특별시 강동구,상일동,승하차인원,20-21시 평균,1143,1194,-51
202312,서울특별시 은평구,새절,승하차인원,시간당 평균,1108,1180,-72
202312,서울특별시 은평구,새절,승하차인원,08-09시 평균,2461,2797,-336
202312,서울특별시 은평구,새절,승하차인원,12-13시 평균,1082,1067,15
202312,서울특별시 은평구,새절,승하차인원,18-19시 평균,1997,2214,-217
202312,서울특별시 은평구,새절,승하차인원,20-21시 평균,987,1013,-26
202312,서울특별시 영등포구,샛강,승하차인원,시간당 평균,801,863,-62
202312,서울특별시 영등포구,샛강,승하차인원,08-09시 평균,2201,2575,-374
202312,서울특별시 영등포구,샛강,승하차인원,12-13시 평균,678,707,-29
202312,서울특별시 영등포구,샛강,승하차인원,18-19시 평균,2104,2379,-275
202312,서울특별시 영등포구,샛강,승하차인원,20-21시 평균,705,727,-22
202312,서울특별시 마포구,서강대,승하차인원,시간당 평균,205,227,-22
202312,서울특별시 마포구,서강대,승하차인원,08-09시 평균,401,483,-82
202312,서울특별시 마포구,서강대,승하차인원,12-13시 평균,229,235,-6
202312,서울특별시 마포구,서강대,승하차인원,18-19시 평균,350,406,-55
202312,서울특별시 마포구,서강대,승하차인원,20-21시 평균,183,204,-22
202312,서울특별시 종로구,서대문,승하차인원,시간당 평균,1700,1892,-192
202312,서울특별시 종로구,서대문,승하차인원,08-09시 평균,5998,6923,-926
202312,서울특별시 종로구,서대문,승하차인원,12-13시 평균,1487,1507,-20
202312,서울특별시 종로구,서대문,승하차인원,18-19시 평균,4342,5168,-826
202312,서울특별시 종로구,서대문,승하차인원,20-21시 평균,1230,1272,-42
202312,서울특별시 용산구,서빙고,승하차인원,시간당 평균,195,221,-25
202312,서울특별시 용산구,서빙고,승하차인원,08-09시 평균,392,453,-61
202312,서울특별시 용산구,서빙고,승하차인원,12-13시 평균,197,206,-9
202312,서울특별시 용산구,서빙고,승하차인원,18-19시 평균,344,384,-40
202312,서울특별시 용산구,서빙고,승하차인원,20-21시 평균,132,133,-1
202312,서울특별시 관악구,서울대벤처타운,승하차인원,시간당 평균,830,858,-28
202312,서울특별시 관악구,서울대벤처타운,승하차인원,08-09시 평균,1655,1876,-222
202312,서울특별시 관악구,서울대벤처타운,승하차인원,12-13시 평균,891,874,17
202312,서울특별시 관악구,서울대벤처타운,승하차인원,18-19시 평균,1508,1596,-88
202312,서울특별시 관악구,서울대벤처타운,승하차인원,20-21시 평균,750,794,-43
202312,서울특별시 관악구,서울대입구,승하차인원,시간당 평균,4087,4302,-215
202312,서울특별시 관악구,서울대입구,승하차인원,08-09시 평균,7161,8306,-1146
202312,서울특별시 관악구,서울대입구,승하차인원,12-13시 평균,4033,3845,188
202312,서울특별시 관악구,서울대입구,승하차인원,18-19시 평균,8054,8896,-842
202312,서울특별시 관악구,서울대입구,승하차인원,20-21시 평균,4248,4500,-252
202312,서울특별시 성동구,서울숲,승하차인원,시간당 평균,1103,1260,-157
202312,서울특별시 성동구,서울숲,승하차인원,08-09시 평균,2050,2450,-401
202312,서울특별시 성동구,서울숲,승하차인원,12-13시 평균,1097,1270,-172
202312,서울특별시 성동구,서울숲,승하차인원,18-19시 평균,2586,2994,-408
202312,서울특별시 성동구,서울숲,승하차인원,20-21시 평균,982,1046,-64
202312,서울특별시 중구,서울역,승하차인원,시간당 평균,8801,9157,-356
202312,서울특별시 중구,서울역,승하차인원,08-09시 평균,15947,18476,-2528
202312,서울특별시 중구,서울역,승하차인원,12-13시 평균,10862,10507,354
202312,서울특별시 중구,서울역,승하차인원,18-19시 평균,17784,19717,-1933
202312,서울특별시 중구,서울역,승하차인원,20-21시 평균,8169,8146,22
202312,서울특별시 동작구,서울지방병무청,승하차인원,시간당 평균,275,289,-14
202312,서울특별시 동작구,서울지방병무청,승하차인원,08-09시 평균,588,677,-89
202312,서울특별시 동작구,서울지방병무청,승하차인원,12-13시 평균,299,306,-7
202312,서울특별시 동작구,서울지방병무청,승하차인원,18-19시 평균,496,538,-42
202312,서울특별시 동작구,서울지방병무청,승하차인원,20-21시 평균,237,240,-3
202312,서울특별시 관악구,서원,승하차인원,시간당 평균,296,304,-8
202312,서울특별시 관악구,서원,승하차인원,08-09시 평균,677,762,-86
202312,서울특별시 관악구,서원,승하차인원,12-13시 평균,292,279,13
202312,서울특별시 관악구,서원,승하차인원,18-19시 평균,504,533,-29
202312,서울특별시 관악구,서원,승하차인원,20-21시 평균,280,281,-1
202312,서울특별시 서초구,서초,승하차인원,시간당 평균,1922,2061,-139
202312,서울특별시 서초구,서초,승하차인원,08-09시 평균,4224,4895,-671
202312,서울특별시 서초구,서초,승하차인원,12-13시 평균,1847,1882,-35
202312,서울특별시 서초구,서초,승하차인원,18-19시 평균,3752,4317,-565
202312,서울특별시 서초구,서초,승하차인원,20-21시 평균,1459,1532,-72
202312,서울특별시 노원구,석계,승하차인원,시간당 평균,1873,1996,-123
202312,서울특별시 노원구,석계,승하차인원,08-09시 평균,3164,3757,-593
202312,서울특별시 노원구,석계,승하차인원,12-13시 평균,1909,1938,-30
202312,서울특별시 노원구,석계,승하차인원,18-19시 평균,3585,4038,-453
202312,서울특별시 노원구,석계,승하차인원,20-21시 평균,1840,1920,-80
202312,서울특별시 송파구,석촌,승하차인원,시간당 평균,1618,1643,-25
202312,서울특별시 송파구,석촌,승하차인원,08-09시 평균,2790,3221,-431
202312,서울특별시 송파구,석촌,승하차인원,12-13시 평균,1758,1684,74
202312,서울특별시 송파구,석촌,승하차인원,18-19시 평균,3264,3492,-229
202312,서울특별시 송파구,석촌,승하차인원,20-21시 평균,1624,1612,12
202312,서울특별시 송파구,석촌고분,승하차인원,시간당 평균,632,657,-25
202312,서울특별시 송파구,석촌고분,승하차인원,08-09시 평균,1449,1630,-180
202312,서울특별시 송파구,석촌고분,승하차인원,12-13시 평균,618,609,9
202312,서울특별시 송파구,석촌고분,승하차인원,18-19시 평균,1308,1435,-127
202312,서울특별시 송파구,석촌고분,승하차인원,20-21시 평균,593,616,-24
202312,서울특별시 강남구,선릉,승하차인원,시간당 평균,5792,6293,-501
202312,서울특별시 강남구,선릉,승하차인원,08-09시 평균,13721,15815,-2094
202312,서울특별시 강남구,선릉,승하차인원,12-13시 평균,5073,5278,-205
202312,서울특별시 강남구,선릉,승하차인원,18-19시 평균,13749,15799,-2050
202312,서울특별시 강남구,선릉,승하차인원,20-21시 평균,4736,4937,-201
202312,서울특별시 영등포구,선유도,승하차인원,시간당 평균,733,790,-58
202312,서울특별시 영등포구,선유도,승하차인원,08-09시 평균,2184,2518,-334
202312,서울특별시 영등포구,선유도,승하차인원,12-13시 평균,638,626,12
202312,서울특별시 영등포구,선유도,승하차인원,18-19시 평균,1833,2143,-310
202312,서울특별시 영등포구,선유도,승하차인원,20-21시 평균,572,609,-37
202312,서울특별시 강남구,선정릉,승하차인원,시간당 평균,1517,1680,-162
202312,서울특별시 강남구,선정릉,승하차인원,08-09시 평균,3779,4499,-720
202312,서울특별시 강남구,선정릉,승하차인원,12-13시 평균,1350,1443,-93
202312,서울특별시 강남구,선정릉,승하차인원,18-19시 평균,3659,4337,-678
202312,서울특별시 강남구,선정릉,승하차인원,20-21시 평균,1229,1328,-99
202312,서울특별시 성동구,성수,승하차인원,시간당 평균,4024,3967,57
202312,서울특별시 성동구,성수,승하차인원,08-09시 평균,8606,9893,-1287
202312,서울특별시 성동구,성수,승하차인원,12-13시 평균,3771,3382,389
202312,서울특별시 성동구,성수,승하차인원,18-19시 평균,10558,11273,-715
202312,서울특별시 성동구,성수,승하차인원,20-21시 평균,3950,3614,336
202312,서울특별시 성북구,성신여대입구,승하차인원,시간당 평균,2347,2424,-77
202312,서울특별시 성북구,성신여대입구,승하차인원,08-09시 평균,3338,3973,-634
202312,서울특별시 성북구,성신여대입구,승하차인원,12-13시 평균,2674,2543,130
202312,서울특별시 성북구,성신여대입구,승하차인원,18-19시 평균,4482,4827,-345
202312,서울특별시 성북구,성신여대입구,승하차인원,20-21시 평균,2493,2580,-86
202312,서울특별시 강북구,솔밭공원,승하차인원,시간당 평균,228,245,-18
202312,서울특별시 강북구,솔밭공원,승하차인원,08-09시 평균,430,509,-79
202312,서울특별시 강북구,솔밭공원,승하차인원,12-13시 평균,267,274,-7
202312,서울특별시 강북구,솔밭공원,승하차인원,18-19시 평균,325,357,-31
202312,서울특별시 강북구,솔밭공원,승하차인원,20-21시 평균,200,215,-15
202312,서울특별시 강북구,솔샘,승하차인원,시간당 평균,522,550,-28
202312,서울특별시 강북구,솔샘,승하차인원,08-09시 평균,1061,1251,-190
202312,서울특별시 강북구,솔샘,승하차인원,12-13시 평균,525,501,25
202312,서울특별시 강북구,솔샘,승하차인원,18-19시 평균,906,992,-86
202312,서울특별시 강북구,솔샘,승하차인원,20-21시 평균,460,484,-24
202312,서울특별시 강서구,송정,승하차인원,시간당 평균,571,584,-13
202312,서울특별시 강서구,송정,승하차인원,08-09시 평균,1021,1169,-148
202312,서울특별시 강서구,송정,승하차인원,12-13시 평균,623,600,23
202312,서울특별시 강서구,송정,승하차인원,18-19시 평균,1039,1114,-76
202312,서울특별시 강서구,송정,승하차인원,20-21시 평균,529,535,-6
202312,서울특별시 송파구,송파,승하차인원,시간당 평균,859,872,-13
202312,서울특별시 송파구,송파,승하차인원,08-09시 평균,1788,2037,-248
202312,서울특별시 송파구,송파,승하차인원,12-13시 평균,902,886,16
202312,서울특별시 송파구,송파,승하차인원,18-19시 평균,1582,1710,-128
202312,서울특별시 송파구,송파,승하차인원,20-21시 평균,721,714,7
202312,서울특별시 송파구,송파나루,승하차인원,시간당 평균,556,533,23
202312,서울특별시 송파구,송파나루,승하차인원,08-09시 평균,981,1129,-148
202312,서울특별시 송파구,송파나루,승하차인원,12-13시 평균,583,523,60
202312,서울특별시 송파구,송파나루,승하차인원,18-19시 평균,1327,1331,-5
202312,서울특별시 송파구,송파나루,승하차인원,20-21시 평균,590,549,42
202312,서울특별시 노원구,수락산,승하차인원,시간당 평균,1133,1172,-40
202312,서울특별시 노원구,수락산,승하차인원,08-09시 평균,2018,2318,-301
202312,서울특별시 노원구,수락산,승하차인원,12-13시 평균,1254,1207,47
202312,서울특별시 노원구,수락산,승하차인원,18-19시 평균,1879,2041,-162
202312,서울특별시 노원구,수락산,승하차인원,20-21시 평균,1068,1118,-50
202312,서울특별시 은평구,수색,승하차인원,시간당 평균,286,319,-33
202312,서울특별시 은평구,수색,승하차인원,08-09시 평균,838,978,-140
202312,서울특별시 은평구,수색,승하차인원,12-13시 평균,224,240,-15
202312,서울특별시 은평구,수색,승하차인원,18-19시 평균,632,760,-128
202312,서울특별시 은평구,수색,승하차인원,20-21시 평균,244,260,-17
202312,서울특별시 강남구,수서,승하차인원,시간당 평균,3104,3248,-144
202312,서울특별시 강남구,수서,승하차인원,08-09시 평균,5720,6637,-917
202312,서울특별시 강남구,수서,승하차인원,12-13시 평균,3789,3793,-5
202312,서울특별시 강남구,수서,승하차인원,18-19시 평균,6181,6784,-603
202312,서울특별시 강남구,수서,승하차인원,20-21시 평균,3112,3195,-83
202312,서울특별시 강북구,수유,승하차인원,시간당 평균,3136,3225,-89
202312,서울특별시 강북구,수유,승하차인원,08-09시 평균,5516,6247,-731
202312,서울특별시 강북구,수유,승하차인원,12-13시 평균,3146,3050,96
202312,서울특별시 강북구,수유,승하차인원,18-19시 평균,5990,6393,-403
202312,서울특별시 강북구,수유,승하차인원,20-21시 평균,3203,3312,-109
202312,서울특별시 용산구,숙대입구,승하차인원,시간당 평균,1333,1455,-122
202312,서울특별시 용산구,숙대입구,승하차인원,08-09시 평균,2441,2900,-460
202312,서울특별시 용산구,숙대입구,승하차인원,12-13시 평균,1367,1465,-98
202312,서울특별시 용산구,숙대입구,승하차인원,18-19시 평균,2913,3285,-371
202312,서울특별시 용산구,숙대입구,승하차인원,20-21시 평균,1312,1393,-81
202312,서울특별시 동작구,숭실대입구,승하차인원,시간당 평균,1214,1447,-233
202312,서울특별시 동작구,숭실대입구,승하차인원,08-09시 평균,2283,2947,-664
202312,서울특별시 동작구,숭실대입구,승하차인원,12-13시 평균,1250,1328,-77
202312,서울특별시 동작구,숭실대입구,승하차인원,18-19시 평균,2129,2626,-497
202312,서울특별시 동작구,숭실대입구,승하차인원,20-21시 평균,1109,1257,-147
202312,서울특별시 중구,시청,승하차인원,시간당 평균,4639,4937,-298
202312,서울특별시 중구,시청,승하차인원,08-09시 평균,13216,15194,-1978
202312,서울특별시 중구,시청,승하차인원,12-13시 평균,3896,4109,-213
202312,서울특별시 중구,시청,승하차인원,18-19시 평균,12309,13570,-1260
202312,서울특별시 중구,시청,승하차인원,20-21시 평균,4667,4327,340
202312,서울특별시 성동구,신금호,승하차인원,시간당 평균,594,626,-32
202312,서울특별시 성동구,신금호,승하차인원,08-09시 평균,1306,1508,-201
202312,서울특별시 성동구,신금호,승하차인원,12-13시 평균,584,569,15
202312,서울특별시 성동구,신금호,승하차인원,18-19시 평균,1174,1312,-137
202312,서울특별시 성동구,신금호,승하차인원,20-21시 평균,519,551,-32
202312,서울특별시 영등포구,신길,승하차인원,시간당 평균,1146,1230,-84
202312,서울특별시 영등포구,신길,승하차인원,08-09시 평균,2986,3431,-445
202312,서울특별시 영등포구,신길,승하차인원,12-13시 평균,983,986,-4
202312,서울특별시 영등포구,신길,승하차인원,18-19시 평균,2517,2872,-356
202312,서울특별시 영등포구,신길,승하차인원,20-21시 평균,1052,1133,-81
202312,서울특별시 중랑구,신내,승하차인원,시간당 평균,189,202,-13
202312,서울특별시 중랑구,신내,승하차인원,08-09시 평균,495,564,-69
202312,서울특별시 중랑구,신내,승하차인원,12-13시 평균,157,154,3
202312,서울특별시 중랑구,신내,승하차인원,18-19시 평균,361,411,-50
202312,서울특별시 중랑구,신내,승하차인원,20-21시 평균,130,128,2
202312,서울특별시 강남구,신논현,승하차인원,시간당 평균,2879,2895,-16
202312,서울특별시 강남구,신논현,승하차인원,08-09시 평균,3733,4429,-696
202312,서울특별시 강남구,신논현,승하차인원,12-13시 평균,2917,2739,177
202312,서울특별시 강남구,신논현,승하차인원,18-19시 평균,6581,6970,-389
202312,서울특별시 강남구,신논현,승하차인원,20-21시 평균,3009,3041,-32
202312,서울특별시 성동구,신답,승하차인원,시간당 평균,151,162,-10
202312,서울특별시 성동구,신답,승하차인원,08-09시 평균,401,470,-70
202312,서울특별시 성동구,신답,승하차인원,12-13시 평균,120,120,0
202312,서울특별시 성동구,신답,승하차인원,18-19시 평균,358,416,-57
202312,서울특별시 성동구,신답,승하차인원,20-21시 평균,136,139,-3
202312,서울특별시 중구,신당,승하차인원,시간당 평균,2212,2250,-38
202312,서울특별시 중구,신당,승하차인원,08-09시 평균,3866,4497,-631
202312,서울특별시 중구,신당,승하차인원,12-13시 평균,2341,2234,108
202312,서울특별시 중구,신당,승하차인원,18-19시 평균,4460,4642,-182
202312,서울특별시 중구,신당,승하차인원,20-21시 평균,2231,2290,-59
202312,서울특별시 동작구,신대방,승하차인원,시간당 평균,2251,2362,-111
202312,서울특별시 동작구,신대방,승하차인원,08-09시 평균,4855,5525,-670
202312,서울특별시 동작구,신대방,승하차인원,12-13시 평균,2020,1976,44
202312,서울특별시 동작구,신대방,승하차인원,18-19시 평균,3883,4252,-369
202312,서울특별시 동작구,신대방,승하차인원,20-21시 평균,2291,2400,-110
202312,서울특별시 동작구,신대방삼거리,승하차인원,시간당 평균,1300,1376,-76
202312,서울특별시 동작구,신대방삼거리,승하차인원,08-09시 평균,2855,3300,-446
202312,서울특별시 동작구,신대방삼거리,승하차인원,12-13시 평균,1318,1271,47
202312,서울특별시 동작구,신대방삼거리,승하차인원,18-19시 평균,2531,2835,-304
202312,서울특별시 동작구,신대방삼거리,승하차인원,20-21시 평균,1205,1272,-66
202312,서울특별시 구로구,신도림,승하차인원,시간당 평균,4915,5078,-163
202312,서울특별시 구로구,신도림,승하차인원,08-09시 평균,8658,9916,-1258
202312,서울특별시 구로구,신도림,승하차인원,12-13시 평균,5013,4821,193
202312,서울특별시 구로구,신도림,승하차인원,18-19시 평균,10134,11071,-937
202312,서울특별시 구로구,신도림,승하차인원,20-21시 평균,4773,4915,-141
202312,서울특별시 관악구,신림,승하차인원,시간당 평균,5075,5208,-133
202312,서울특별시 관악구,신림,승하차인원,08-09시 평균,9756,11174,-1418
202312,서울특별시 관악구,신림,승하차인원,12-13시 평균,4658,4438,220
202312,서울특별시 관악구,신림,승하차인원,18-19시 평균,9568,10280,-713
202312,서울특별시 관악구,신림,승하차인원,20-21시 평균,5589,5715,-126
202312,서울특별시 양천구,신목동,승하차인원,시간당 평균,357,383,-27
202312,서울특별시 양천구,신목동,승하차인원,08-09시 평균,816,950,-134
202312,서울특별시 양천구,신목동,승하차인원,12-13시 평균,324,330,-6
202312,서울특별시 양천구,신목동,승하차인원,18-19시 평균,643,725,-82
202312,서울특별시 양천구,신목동,승하차인원,20-21시 평균,307,323,-16
202312,서울특별시 서초구,신반포,승하차인원,시간당 평균,361,384,-23
202312,서울특별시 서초구,신반포,승하차인원,08-09시 평균,658,780,-122
202312,서울특별시 서초구,신반포,승하차인원,12-13시 평균,366,366,1
202312,서울특별시 서초구,신반포,승하차인원,18-19시 평균,631,701,-70
202312,서울특별시 서초구,신반포,승하차인원,20-21시 평균,267,287,-20
202312,서울특별시 강서구,신방화,승하차인원,시간당 평균,628,649,-21
202312,서울특별시 강서구,신방화,승하차인원,08-09시 평균,1269,1434,-165
202312,서울특별시 강서구,신방화,승하차인원,12-13시 평균,670,608,62
202312,서울특별시 강서구,신방화,승하차인원,18-19시 평균,1109,1215,-106
202312,서울특별시 강서구,신방화,승하차인원,20-21시 평균,592,610,-18
202312,서울특별시 강남구,신사,승하차인원,시간당 평균,2664,2738,-74
202312,서울특별시 강남구,신사,승하차인원,08-09시 평균,3597,4127,-530
202312,서울특별시 강남구,신사,승하차인원,12-13시 평균,2545,2484,61
202312,서울특별시 강남구,신사,승하차인원,18-19시 평균,6141,6503,-362
202312,서울특별시 강남구,신사,승하차인원,20-21시 평균,2629,2718,-89
202312,서울특별시 동대문구,신설동,승하차인원,시간당 평균,1781,1869,-88
202312,서울특별시 동대문구,신설동,승하차인원,08-09시 평균,3730,4296,-566
202312,서울특별시 동대문구,신설동,승하차인원,12-13시 평균,2103,2069,34
202312,서울특별시 동대문구,신설동,승하차인원,18-19시 평균,3590,3925,-336
202312,서울특별시 동대문구,신설동,승하차인원,20-21시 평균,1354,1380,-26
202312,서울특별시 용산구,신용산,승하차인원,시간당 평균,1810,1867,-57
202312,서울특별시 용산구,신용산,승하차인원,08-09시 평균,3322,3934,-612
202312,서울특별시 용산구,신용산,승하차인원,12-13시 평균,1789,1677,112
202312,서울특별시 용산구,신용산,승하차인원,18-19시 평균,4527,5006,-479
202312,서울특별시 용산구,신용산,승하차인원,20-21시 평균,1798,1824,-26
202312,서울특별시 동대문구,신이문,승하차인원,시간당 평균,735,769,-35
202312,서울특별시 동대문구,신이문,승하차인원,08-09시 평균,1472,1692,-220
202312,서울특별시 동대문구,신이문,승하차인원,12-13시 평균,780,765,15
202312,서울특별시 동대문구,신이문,승하차인원,18-19시 평균,1255,1376,-121
202312,서울특별시 동대문구,신이문,승하차인원,20-21시 평균,628,646,-18
202312,서울특별시 양천구,신정,승하차인원,시간당 평균,1102,1162,-60
202312,서울특별시 양천구,신정,승하차인원,08-09시 평균,2836,3251,-415
202312,서울특별시 양천구,신정,승하차인원,12-13시 평균,959,922,38
202312,서울특별시 양천구,신정,승하차인원,18-19시 평균,1996,2230,-235
202312,서울특별시 양천구,신정,승하차인원,20-21시 평균,958,1034,-76
202312,서울특별시 양천구,신정네거리,승하차인원,시간당 평균,942,979,-37
202312,서울특별시 양천구,신정네거리,승하차인원,08-09시 평균,1762,2007,-246
202312,서울특별시 양천구,신정네거리,승하차인원,12-13시 평균,931,896,35
202312,서울특별시 양천구,신정네거리,승하차인원,18-19시 평균,1868,2085,-217
202312,서울특별시 양천구,신정네거리,승하차인원,20-21시 평균,850,900,-50
202312,서울특별시 서대문구,신촌,승하차인원,시간당 평균,3708,3923,-215
202312,서울특별시 서대문구,신촌,승하차인원,08-09시 평균,4458,5259,-801
202312,서울특별시 서대문구,신촌,승하차인원,12-13시 평균,4468,4471,-3
202312,서울특별시 서대문구,신촌,승하차인원,18-19시 평균,7201,7928,-727
202312,서울특별시 서대문구,신촌,승하차인원,20-21시 평균,4065,4313,-248
202312,서울특별시 영등포구,신풍,승하차인원,시간당 평균,966,1023,-57
202312,서울특별시 영등포구,신풍,승하차인원,08-09시 평균,2142,2439,-297
202312,서울특별시 영등포구,신풍,승하차인원,12-13시 평균,947,917,30
202312,서울특별시 영등포구,신풍,승하차인원,18-19시 평균,1775,2007,-232
202312,서울특별시 영등포구,신풍,승하차인원,20-21시 평균,823,845,-22
202312,서울특별시 도봉구,쌍문,승하차인원,시간당 평균,2547,2638,-91
202312,서울특별시 도봉구,쌍문,승하차인원,08-09시 평균,4854,5436,-582
202312,서울특별시 도봉구,쌍문,승하차인원,12-13시 평균,2577,2434,144
202312,서울특별시 도봉구,쌍문,승하차인원,18-19시 평균,4326,4669,-343
202312,서울특별시 도봉구,쌍문,승하차인원,20-21시 평균,2501,2610,-109
202312,서울특별시 광진구,아차산,승하차인원,시간당 평균,1310,1378,-69
202312,서울특별시 광진구,아차산,승하차인원,08-09시 평균,2740,3133,-392
202312,서울특별시 광진구,아차산,승하차인원,12-13시 평균,1448,1384,64
202312,서울특별시 광진구,아차산,승하차인원,18-19시 평균,2553,2834,-282
202312,서울특별시 광진구,아차산,승하차인원,20-21시 평균,1191,1218,-26
202312,서울특별시 마포구,아현,승하차인원,시간당 평균,946,1004,-59
202312,서울특별시 마포구,아현,승하차인원,08-09시 평균,1964,2242,-277
202312,서울특별시 마포구,아현,승하차인원,12-13시 평균,1039,1030,9
202312,서울특별시 마포구,아현,승하차인원,18-19시 평균,1690,1887,-198
202312,서울특별시 마포구,아현,승하차인원,20-21시 평균,869,896,-27
202312,서울특별시 종로구,안국,승하차인원,시간당 평균,2353,2606,-253
202312,서울특별시 종로구,안국,승하차인원,08-09시 평균,3916,4715,-799
202312,서울특별시 종로구,안국,승하차인원,12-13시 평균,3007,3165,-159
202312,서울특별시 종로구,안국,승하차인원,18-19시 평균,4571,5258,-687
202312,서울특별시 종로구,안국,승하차인원,20-21시 평균,1721,1777,-56
202312,서울특별시 성북구,안암,승하차인원,시간당 평균,1168,1342,-173
202312,서울특별시 성북구,안암,승하차인원,08-09시 평균,1773,2311,-538
202312,서울특별시 성북구,안암,승하차인원,12-13시 평균,1294,1381,-87
202312,서울특별시 성북구,안암,승하차인원,18-19시 평균,1904,2324,-420
202312,서울특별시 성북구,안암,승하차인원,20-21시 평균,1133,1165,-32
202312,서울특별시 강동구,암사,승하차인원,시간당 평균,1562,1634,-72
202312,서울특별시 강동구,암사,승하차인원,08-09시 평균,3766,4324,-557
202312,서울특별시 강동구,암사,승하차인원,12-13시 평균,1477,1412,65
202312,서울특별시 강동구,암사,승하차인원,18-19시 평균,2917,3259,-342
202312,서울특별시 강동구,암사,승하차인원,20-21시 평균,1414,1451,-37
202312,서울특별시 강남구,압구정,승하차인원,시간당 평균,3055,3038,17
202312,서울특별시 강남구,압구정,승하차인원,08-09시 평균,5122,5760,-639
202312,서울특별시 강남구,압구정,승하차인원,12-13시 평균,3251,3020,231
202312,서울특별시 강남구,압구정,승하차인원,18-19시 평균,6412,6761,-349
202312,서울특별시 강남구,압구정,승하차인원,20-21시 평균,3083,3024,60
202312,서울특별시 강남구,압구정로데오,승하차인원,시간당 평균,1984,1942,42
202312,서울특별시 강남구,압구정로데오,승하차인원,08-09시 평균,2529,2897,-368
202312,서울특별시 강남구,압구정로데오,승하차인원,12-13시 평균,1897,1764,132
202312,서울특별시 강남구,압구정로데오,승하차인원,18-19시 평균,4682,4745,-63
202312,서울특별시 강남구,압구정로데오,승하차인원,20-21시 평균,2348,2261,87
202312,서울특별시 마포구,애오개,승하차인원,시간당 평균,585,619,-34
202312,서울특별시 마포구,애오개,승하차인원,08-09시 평균,1603,1833,-231
202312,서울특별시 마포구,애오개,승하차인원,12-13시 평균,565,557,8
202312,서울특별시 마포구,애오개,승하차인원,18-19시 평균,1327,1508,-182
202312,서울특별시 마포구,애오개,승하차인원,20-21시 평균,465,454,11
202312,서울특별시 중구,약수,승하차인원,시간당 평균,1513,1575,-62
202312,서울특별시 중구,약수,승하차인원,08-09시 평균,2933,3334,-401
202312,서울특별시 중구,약수,승하차인원,12-13시 평균,1624,1569,55
202312,서울특별시 중구,약수,승하차인원,18-19시 평균,3103,3393,-290
202312,서울특별시 중구,약수,승하차인원,20-21시 평균,1447,1455,-8
202312,서울특별시 중랑구,양원,승하차인원,시간당 평균,260,284,-24
202312,서울특별시 중랑구,양원,승하차인원,08-09시 평균,538,636,-97
202312,서울특별시 중랑구,양원,승하차인원,12-13시 평균,240,242,-2
202312,서울특별시 중랑구,양원,승하차인원,18-19시 평균,414,479,-65
202312,서울특별시 중랑구,양원,승하차인원,20-21시 평균,225,235,-10
202312,서울특별시 서초구,양재,승하차인원,시간당 평균,3366,3598,-232
202312,서울특별시 서초구,양재,승하차인원,08-09시 평균,8297,9699,-1402
202312,서울특별시 서초구,양재,승하차인원,12-13시 평균,2798,2778,20
202312,서울특별시 서초구,양재,승하차인원,18-19시 평균,8250,9318,-1068
202312,서울특별시 서초구,양재,승하차인원,20-21시 평균,3178,3361,-183
202312,서울특별시 양천구,양천구청,승하차인원,시간당 평균,626,665,-40
202312,서울특별시 양천구,양천구청,승하차인원,08-09시 평균,1215,1409,-194
202312,서울특별시 양천구,양천구청,승하차인원,12-13시 평균,609,624,-15
202312,서울특별시 양천구,양천구청,승하차인원,18-19시 평균,1190,1361,-171
202312,서울특별시 양천구,양천구청,승하차인원,20-21시 평균,568,590,-22
202312,서울특별시 강서구,양천향교,승하차인원,시간당 평균,878,942,-64
202312,서울특별시 강서구,양천향교,승하차인원,08-09시 평균,2219,2584,-365
202312,서울특별시 강서구,양천향교,승하차인원,12-13시 평균,795,805,-10
202312,서울특별시 강서구,양천향교,승하차인원,18-19시 평균,1895,2201,-306
202312,서울특별시 강서구,양천향교,승하차인원,20-21시 평균,761,786,-25
202312,서울특별시 영등포구,양평(5호선),승하차인원,시간당 평균,644,684,-41
202312,서울특별시 영등포구,양평(5호선),승하차인원,08-09시 평균,2095,2381,-286
202312,서울특별시 영등포구,양평(5호선),승하차인원,12-13시 평균,516,491,25
202312,서울특별시 영등포구,양평(5호선),승하차인원,18-19시 평균,1668,1936,-268
202312,서울특별시 영등포구,양평(5호선),승하차인원,20-21시 평균,538,561,-23
202312,서울특별시 광진구,어린이대공원,승하차인원,시간당 평균,1369,1626,-257
202312,서울특별시 광진구,어린이대공원,승하차인원,08-09시 평균,2771,3606,-835
202312,서울특별시 광진구,어린이대공원,승하차인원,12-13시 평균,1480,1732,-252
202312,서울특별시 광진구,어린이대공원,승하차인원,18-19시 평균,2494,2905,-410
202312,서울특별시 광진구,어린이대공원,승하차인원,20-21시 평균,1176,1305,-130
202312,서울특별시 강남구,언주,승하차인원,시간당 평균,1003,1079,-76
202312,서울특별시 강남구,언주,승하차인원,08-09시 평균,2353,2751,-398
202312,서울특별시 강남구,언주,승하차인원,12-13시 평균,926,912,14
202312,서울특별시 강남구,언주,승하차인원,18-19시 평균,2362,2760,-398
202312,서울특별시 강남구,언주,승하차인원,20-21시 평균,774,810,-36
202312,서울특별시 영등포구,여의나루,승하차인원,시간당 평균,1160,1260,-100
202312,서울특별시 영등포구,여의나루,승하차인원,08-09시 평균,2544,3024,-480
202312,서울특별시 영등포구,여의나루,승하차인원,12-13시 평균,1130,1081,49
202312,서울특별시 영등포구,여의나루,승하차인원,18-19시 평균,2669,3183,-513
202312,서울특별시 영등포구,여의나루,승하차인원,20-21시 평균,1158,1290,-132
202312,서울특별시 영등포구,여의도,승하차인원,시간당 평균,5087,5460,-373
202312,서울특별시 영등포구,여의도,승하차인원,08-09시 평균,12405,14654,-2250
202312,서울특별시 영등포구,여의도,승하차인원,12-13시 평균,4163,4176,-13
202312,서울특별시 영등포구,여의도,승하차인원,18-19시 평균,12492,14248,-1756
202312,서울특별시 영등포구,여의도,승하차인원,20-21시 평균,4936,4976,-40
202312,서울특별시 강남구,역삼,승하차인원,시간당 평균,4316,4850,-534
202312,서울특별시 강남구,역삼,승하차인원,08-09시 평균,10904,13447,-2543
202312,서울특별시 강남구,역삼,승하차인원,12-13시 평균,3434,3482,-47
202312,서울특별시 강남구,역삼,승하차인원,18-19시 평균,9832,11698,-1866
202312,서울특별시 강남구,역삼,승하차인원,20-21시 평균,3512,3865,-353
202312,서울특별시 은평구,역촌,승하차인원,시간당 평균,378,397,-19
202312,서울특별시 은평구,역촌,승하차인원,08-09시 평균,781,897,-116
202312,서울특별시 은평구,역촌,승하차인원,12-13시 평균,387,382,6
202312,서울특별시 은평구,역촌,승하차인원,18-19시 평균,737,812,-75
202312,서울특별시 은평구,역촌,승하차인원,20-21시 평균,345,350,-5
202312,서울특별시 은평구,연신내,승하차인원,시간당 평균,3081,3181,-100
202312,서울특별시 은평구,연신내,승하차인원,08-09시 평균,5498,6186,-688
202312,서울특별시 은평구,연신내,승하차인원,12-13시 평균,3407,3239,167
202312,서울특별시 은평구,연신내,승하차인원,18-19시 평균,5465,5985,-520
202312,서울특별시 은평구,연신내,승하차인원,20-21시 평균,2967,3037,-70
202312,서울특별시 강서구,염창,승하차인원,시간당 평균,1551,1652,-101
202312,서울특별시 강서구,염창,승하차인원,08-09시 평균,3298,3835,-537
202312,서울특별시 강서구,염창,승하차인원,12-13시 평균,1357,1326,31
202312,서울특별시 강서구,염창,승하차인원,18-19시 평균,3076,3500,-424
202312,서울특별시 강서구,염창,승하차인원,20-21시 평균,1588,1703,-115
202312,서울특별시 영등포구,영등포,승하차인원,시간당 평균,4291,4080,210
202312,서울특별시 영등포구,영등포,승하차인원,08-09시 평균,5746,6476,-730
202312,서울특별시 영등포구,영등포,승하차인원,12-13시 평균,5254,4658,596
202312,서울특별시 영등포구,영등포,승하차인원,18-19시 평균,9230,9327,-97
202312,서울특별시 영등포구,영등포,승하차인원,20-21시 평균,4892,4517,375
202312,서울특별시 영등포구,영등포구청,승하차인원,시간당 평균,2313,2448,-136
202312,서울특별시 영등포구,영등포구청,승하차인원,08-09시 평균,6403,7368,-965
202312,서울특별시 영등포구,영등포구청,승하차인원,12-13시 평균,2101,2073,28
202312,서울특별시 영등포구,영등포구청,승하차인원,18-19시 평균,5960,6803,-843
202312,서울특별시 영등포구,영등포구청,승하차인원,20-21시 평균,2007,2031,-24
202312,서울특별시 영등포구,영등포시장,승하차인원,시간당 평균,1053,1070,-17
202312,서울특별시 영등포구,영등포시장,승하차인원,08-09시 평균,2259,2575,-315
202312,서울특별시 영등포구,영등포시장,승하차인원,12-13시 평균,1204,1167,37
202312,서울특별시 영등포구,영등포시장,승하차인원,18-19시 평균,2441,2626,-185
202312,서울특별시 영등포구,영등포시장,승하차인원,20-21시 평균,899,862,37
202312,서울특별시 송파구,오금,승하차인원,시간당 평균,864,935,-71
202312,서울특별시 송파구,오금,승하차인원,08-09시 평균,2299,2679,-380
202312,서울특별시 송파구,오금,승하차인원,12-13시 평균,819,797,22
202312,서울특별시 송파구,오금,승하차인원,18-19시 평균,1754,1977,-223
202312,서울특별시 송파구,오금,승하차인원,20-21시 평균,683,748,-65
202312,서울특별시 구로구,오류동,승하차인원,시간당 평균,1016,1064,-48
202312,서울특별시 구로구,오류동,승하차인원,08-09시 평균,1802,2047,-245
202312,서울특별시 구로구,오류동,승하차인원,12-13시 평균,1101,1057,44
202312,서울특별시 구로구,오류동,승하차인원,18-19시 평균,1762,1921,-159
202312,서울특별시 구로구,오류동,승하차인원,20-21시 평균,930,1003,-73
202312,서울특별시 양천구,오목교,승하차인원,시간당 평균,1997,2061,-64
202312,서울특별시 양천구,오목교,승하차인원,08-09시 평균,3721,4211,-490
202312,서울특별시 양천구,오목교,승하차인원,12-13시 평균,2046,1974,71
202312,서울특별시 양천구,오목교,승하차인원,18-19시 평균,4483,4928,-445
202312,서울특별시 양천구,오목교,승하차인원,20-21시 평균,2169,2149,20
202312,서울특별시 성동구,옥수,승하차인원,시간당 평균,806,846,-41
202312,서울특별시 성동구,옥수,승하차인원,08-09시 평균,1363,1586,-223
202312,서울특별시 성동구,옥수,승하차인원,12-13시 평균,841,834,7
202312,서울특별시 성동구,옥수,승하차인원,18-19시 평균,1539,1692,-153
202312,서울특별시 성동구,옥수,승하차인원,20-21시 평균,816,859,-43
202312,서울특별시 구로구,온수,승하차인원,시간당 평균,1372,1521,-148
202312,서울특별시 구로구,온수,승하차인원,08-09시 평균,3171,3757,-586
202312,서울특별시 구로구,온수,승하차인원,12-13시 평균,1333,1371,-38
202312,서울특별시 구로구,온수,승하차인원,18-19시 평균,2540,2963,-423
202312,서울특별시 구로구,온수,승하차인원,20-21시 평균,1162,1250,-88
202312,서울특별시 송파구,올림픽공원,승하차인원,시간당 평균,1336,1406,-70
202312,서울특별시 송파구,올림픽공원,승하차인원,08-09시 평균,1725,2163,-438
202312,서울특별시 송파구,올림픽공원,승하차인원,12-13시 평균,1227,1309,-82
202312,서울특별시 송파구,올림픽공원,승하차인원,18-19시 평균,2225,2366,-141
202312,서울특별시 송파구,올림픽공원,승하차인원,20-21시 평균,2003,1437,566
202312,서울특별시 성동구,왕십리,승하차인원,시간당 평균,3431,3535,-104
202312,서울특별시 성동구,왕십리,승하차인원,08-09시 평균,4989,5819,-831
202312,서울특별시 성동구,왕십리,승하차인원,12-13시 평균,3525,3419,106
202312,서울특별시 성동구,왕십리,승하차인원,18-19시 평균,7374,7879,-505
202312,서울특별시 성동구,왕십리,승하차인원,20-21시 평균,3823,3895,-71
202312,서울특별시 동대문구,외대앞,승하차인원,시간당 평균,869,1008,-139
202312,서울특별시 동대문구,외대앞,승하차인원,08-09시 평균,1404,1890,-486
202312,서울특별시 동대문구,외대앞,승하차인원,12-13시 평균,1019,1176,-157
202312,서울특별시 동대문구,외대앞,승하차인원,18-19시 평균,1356,1627,-271
202312,서울특별시 동대문구,외대앞,승하차인원,20-21시 평균,795,892,-97
202312,서울특별시 성동구,용답,승하차인원,시간당 평균,265,288,-23
202312,서울특별시 성동구,용답,승하차인원,08-09시 평균,538,628,-90
202312,서울특별시 성동구,용답,승하차인원,12-13시 평균,274,282,-8
202312,서울특별시 성동구,용답,승하차인원,18-19시 평균,480,535,-55
202312,서울특별시 성동구,용답,승하차인원,20-21시 평균,229,246,-16
202312,서울특별시 동대문구,용두,승하차인원,시간당 평균,226,233,-7
202312,서울특별시 동대문구,용두,승하차인원,08-09시 평균,471,530,-60
202312,서울특별시 동대문구,용두,승하차인원,12-13시 평균,263,259,4
202312,서울특별시 동대문구,용두,승하차인원,18-19시 평균,452,478,-25
202312,서울특별시 동대문구,용두,승하차인원,20-21시 평균,180,173,7
202312,서울특별시 중랑구,용마산,승하차인원,시간당 평균,516,548,-32
202312,서울특별시 중랑구,용마산,승하차인원,08-09시 평균,1199,1376,-177
202312,서울특별시 중랑구,용마산,승하차인원,12-13시 평균,490,488,1
202312,서울특별시 중랑구,용마산,승하차인원,18-19시 평균,908,1014,-106
202312,서울특별시 중랑구,용마산,승하차인원,20-21시 평균,458,488,-30
202312,서울특별시 용산구,용산,승하차인원,시간당 평균,4138,4090,48
202312,서울특별시 용산구,용산,승하차인원,08-09시 평균,5577,6446,-869
202312,서울특별시 용산구,용산,승하차인원,12-13시 평균,4804,4336,468
202312,서울특별시 용산구,용산,승하차인원,18-19시 평균,8132,8641,-510
202312,서울특별시 용산구,용산,승하차인원,20-21시 평균,4899,4882,18
202312,서울특별시 강서구,우장산,승하차인원,시간당 평균,1306,1377,-71
202312,서울특별시 강서구,우장산,승하차인원,08-09시 평균,2563,2921,-358
202312,서울특별시 강서구,우장산,승하차인원,12-13시 평균,1427,1398,29
202312,서울특별시 강서구,우장산,승하차인원,18-19시 평균,2323,2596,-273
202312,서울특별시 강서구,우장산,승하차인원,20-21시 평균,1128,1158,-30
202312,서울특별시 노원구,월계,승하차인원,시간당 평균,615,686,-72
202312,서울특별시 노원구,월계,승하차인원,08-09시 평균,1163,1381,-217
202312,서울특별시 노원구,월계,승하차인원,12-13시 평균,737,786,-49
202312,서울특별시 노원구,월계,승하차인원,18-19시 평균,977,1142,-166
202312,서울특별시 노원구,월계,승하차인원,20-21시 평균,458,475,-17
202312,서울특별시 성북구,월곡,승하차인원,시간당 평균,1052,1170,-117
202312,서울특별시 성북구,월곡,승하차인원,08-09시 평균,2335,2797,-462
202312,서울특별시 성북구,월곡,승하차인원,12-13시 평균,1055,1091,-37
202312,서울특별시 성북구,월곡,승하차인원,18-19시 평균,2106,2457,-352
202312,서울특별시 성북구,월곡,승하차인원,20-21시 평균,922,1001,-79
202312,서울특별시 마포구,월드컵경기장,승하차인원,시간당 평균,405,685,-280
202312,서울특별시 마포구,월드컵경기장,승하차인원,08-09시 평균,546,683,-137
202312,서울특별시 마포구,월드컵경기장,승하차인원,12-13시 평균,586,742,-157
202312,서울특별시 마포구,월드컵경기장,승하차인원,18-19시 평균,664,1603,-938
202312,서울특별시 마포구,월드컵경기장,승하차인원,20-21시 평균,323,381,-58
202312,서울특별시 중구,을지로3가,승하차인원,시간당 평균,3283,3390,-107
202312,서울특별시 중구,을지로3가,승하차인원,08-09시 평균,8499,9749,-1250
202312,서울특별시 중구,을지로3가,승하차인원,12-13시 평균,2824,2570,254
202312,서울특별시 중구,을지로3가,승하차인원,18-19시 평균,8511,9493,-982
202312,서울특별시 중구,을지로3가,승하차인원,20-21시 평균,3037,2902,136
202312,서울특별시 중구,을지로4가,승하차인원,시간당 평균,1791,1934,-143
202312,서울특별시 중구,을지로4가,승하차인원,08-09시 평균,4227,4832,-605
202312,서울특별시 중구,을지로4가,승하차인원,12-13시 평균,1983,2057,-75
202312,서울특별시 중구,을지로4가,승하차인원,18-19시 평균,4059,4646,-587
202312,서울특별시 중구,을지로4가,승하차인원,20-21시 평균,1297,1322,-25
202312,서울특별시 중구,을지로입구,승하차인원,시간당 평균,4680,4630,50
202312,서울특별시 중구,을지로입구,승하차인원,08-09시 평균,10722,12584,-1861
202312,서울특별시 중구,을지로입구,승하차인원,12-13시 평균,4003,3732,272
202312,서울특별시 중구,을지로입구,승하차인원,18-19시 평균,12042,12423,-381
202312,서울특별시 중구,을지로입구,승하차인원,20-21시 평균,6060,5453,607
202312,서울특별시 성동구,응봉,승하차인원,시간당 평균,159,171,-12
202312,서울특별시 성동구,응봉,승하차인원,08-09시 평균,302,354,-52
202312,서울특별시 성동구,응봉,승하차인원,12-13시 평균,154,157,-3
202312,서울특별시 성동구,응봉,승하차인원,18-19시 평균,249,274,-25
202312,서울특별시 성동구,응봉,승하차인원,20-21시 평균,131,144,-12
202312,서울특별시 은평구,응암,승하차인원,시간당 평균,1585,1653,-68
202312,서울특별시 은평구,응암,승하차인원,08-09시 평균,3338,3787,-448
202312,서울특별시 은평구,응암,승하차인원,12-13시 평균,1571,1520,50
202312,서울특별시 은평구,응암,승하차인원,18-19시 평균,3066,3403,-336
202312,서울특별시 은평구,응암,승하차인원,20-21시 평균,1540,1602,-62
202312,서울특별시 마포구,이대,승하차인원,시간당 평균,1517,1744,-227
202312,서울특별시 마포구,이대,승하차인원,08-09시 평균,2429,2884,-455
202312,서울특별시 마포구,이대,승하차인원,12-13시 평균,1919,2222,-303
202312,서울특별시 마포구,이대,승하차인원,18-19시 평균,2698,3177,-479
202312,서울특별시 마포구,이대,승하차인원,20-21시 평균,1431,1601,-170
202312,서울특별시 용산구,이촌,승하차인원,시간당 평균,1166,1182,-16
202312,서울특별시 용산구,이촌,승하차인원,08-09시 평균,1891,2210,-319
202312,서울특별시 용산구,이촌,승하차인원,12-13시 평균,1652,1451,202
202312,서울특별시 용산구,이촌,승하차인원,18-19시 평균,2070,2203,-134
202312,서울특별시 용산구,이촌,승하차인원,20-21시 평균,816,877,-61
202312,서울특별시 용산구,이태원,승하차인원,시간당 평균,1229,1194,35
202312,서울특별시 용산구,이태원,승하차인원,08-09시 평균,1239,1511,-272
202312,서울특별시 용산구,이태원,승하차인원,12-13시 평균,1120,1085,35
202312,서울특별시 용산구,이태원,승하차인원,18-19시 평균,2530,2560,-30
202312,서울특별시 용산구,이태원,승하차인원,20-21시 평균,1617,1545,72
202312,서울특별시 강남구,일원,승하차인원,시간당 평균,957,1024,-67
202312,서울특별시 강남구,일원,승하차인원,08-09시 평균,1619,1879,-260
202312,서울특별시 강남구,일원,승하차인원,12-13시 평균,1171,1205,-35
202312,서울특별시 강남구,일원,승하차인원,18-19시 평균,1321,1472,-151
202312,서울특별시 강남구,일원,승하차인원,20-21시 평균,601,657,-56
202312,서울특별시 송파구,잠실,승하차인원,시간당 평균,9924,9173,751
202312,서울특별시 송파구,잠실,승하차인원,08-09시 평균,13561,15225,-1664
202312,서울특별시 송파구,잠실,승하차인원,12-13시 평균,10041,8719,1322
202312,서울특별시 송파구,잠실,승하차인원,18-19시 평균,21011,20739,272
202312,서울특별시 송파구,잠실,승하차인원,20-21시 평균,12412,11138,1275
202312,서울특별시 송파구,잠실나루,승하차인원,시간당 평균,1294,1399,-105
202312,서울특별시 송파구,잠실나루,승하차인원,08-09시 평균,2643,3082,-439
202312,서울특별시 송파구,잠실나루,승하차인원,12-13시 평균,1525,1569,-43
202312,서울특별시 송파구,잠실나루,승하차인원,18-19시 평균,2158,2479,-321
202312,서울특별시 송파구,잠실나루,승하차인원,20-21시 평균,948,1036,-88
202312,서울특별시 송파구,잠실새내,승하차인원,시간당 평균,2181,2196,-15
202312,서울특별시 송파구,잠실새내,승하차인원,08-09시 평균,3445,3984,-539
202312,서울특별시 송파구,잠실새내,승하차인원,12-13시 평균,2299,2218,81
202312,서울특별시 송파구,잠실새내,승하차인원,18-19시 평균,4390,4661,-271
202312,서울특별시 송파구,잠실새내,승하차인원,20-21시 평균,2268,2212,56
202312,서울특별시 서초구,잠원,승하차인원,시간당 평균,442,469,-27
202312,서울특별시 서초구,잠원,승하차인원,08-09시 평균,852,1032,-180
202312,서울특별시 서초구,잠원,승하차인원,12-13시 평균,476,489,-13
202312,서울특별시 서초구,잠원,승하차인원,18-19시 평균,723,794,-71
202312,서울특별시 서초구,잠원,승하차인원,20-21시 평균,339,342,-3
202312,서울특별시 동작구,장승배기,승하차인원,시간당 평균,816,858,-42
202312,서울특별시 동작구,장승배기,승하차인원,08-09시 평균,1732,1976,-244
202312,서울특별시 동작구,장승배기,승하차인원,12-13시 평균,889,841,48
202312,서울특별시 동작구,장승배기,승하차인원,18-19시 평균,1479,1654,-175
202312,서울특별시 동작구,장승배기,승하차인원,20-21시 평균,682,714,-31
202312,서울특별시 송파구,장지,승하차인원,시간당 평균,1507,1561,-54
202312,서울특별시 송파구,장지,승하차인원,08-09시 평균,3130,3623,-493
202312,서울특별시 송파구,장지,승하차인원,12-13시 평균,1436,1379,56
202312,서울특별시 송파구,장지,승하차인원,18-19시 평균,3154,3412,-259
202312,서울특별시 송파구,장지,승하차인원,20-21시 평균,1439,1481,-42
202312,서울특별시 동대문구,장한평,승하차인원,시간당 평균,1674,1757,-83
202312,서울특별시 동대문구,장한평,승하차인원,08-09시 평균,4355,5019,-664
202312,서울특별시 동대문구,장한평,승하차인원,12-13시 평균,1480,1441,39
202312,서울특별시 동대문구,장한평,승하차인원,18-19시 평균,4014,4455,-441
202312,서울특별시 동대문구,장한평,승하차인원,20-21시 평균,1443,1448,-5
202312,서울특별시 성북구,정릉,승하차인원,시간당 평균,428,455,-27
202312,서울특별시 성북구,정릉,승하차인원,08-09시 평균,743,871,-128
202312,서울특별시 성북구,정릉,승하차인원,12-13시 평균,514,509,6
202312,서울특별시 성북구,정릉,승하차인원,18-19시 평균,778,872,-94
202312,서울특별시 성북구,정릉,승하차인원,20-21시 평균,353,373,-20
202312,서울특별시 동대문구,제기동,승하차인원,시간당 평균,1504,1597,-93
202312,서울특별시 동대문구,제기동,승하차인원,08-09시 평균,2053,2362,-309
202312,서울특별시 동대문구,제기동,승하차인원,12-13시 평균,2653,2799,-146
202312,서울특별시 동대문구,제기동,승하차인원,18-19시 평균,1982,2150,-168
202312,서울특별시 동대문구,제기동,승하차인원,20-21시 평균,808,829,-22
202312,서울특별시 종로구,종각,승하차인원,시간당 평균,3547,3547,-1
202312,서울특별시 종로구,종각,승하차인원,08-09시 평균,8225,9724,-1499
202312,서울특별시 종로구,종각,승하차인원,12-13시 평균,3141,2878,263
202312,서울특별시 종로구,종각,승하차인원,18-19시 평균,8811,9506,-695
202312,서울특별시 종로구,종각,승하차인원,20-21시 평균,3705,3226,478
202312,서울특별시 종로구,종로3가,승하차인원,시간당 평균,4813,4811,3
202312,서울특별시 종로구,종로3가,승하차인원,08-09시 평균,5197,6063,-866
202312,서울특별시 종로구,종로3가,승하차인원,12-13시 평균,6861,6417,444
202312,서울특별시 종로구,종로3가,승하차인원,18-19시 평균,9898,10560,-662
202312,서울특별시 종로구,종로3가,승하차인원,20-21시 평균,4499,4280,220
202312,서울특별시 종로구,종로5가,승하차인원,시간당 평균,2222,2350,-129
202312,서울특별시 종로구,종로5가,승하차인원,08-09시 평균,3214,3765,-551
202312,서울특별시 종로구,종로5가,승하차인원,12-13시 평균,3546,3513,33
202312,서울특별시 종로구,종로5가,승하차인원,18-19시 평균,4101,4587,-485
202312,서울특별시 종로구,종로5가,승하차인원,20-21시 평균,1519,1593,-73
202312,서울특별시 송파구,종합운동장,승하차인원,시간당 평균,1386,1605,-218
202312,서울특별시 송파구,종합운동장,승하차인원,08-09시 평균,2199,2641,-442
202312,서울특별시 송파구,종합운동장,승하차인원,12-13시 평균,1273,1529,-256
202312,서울특별시 송파구,종합운동장,승하차인원,18-19시 평균,2996,3773,-778
202312,서울특별시 송파구,종합운동장,승하차인원,20-21시 평균,1220,1173,46
202312,서울특별시 노원구,중계,승하차인원,시간당 평균,1250,1356,-106
202312,서울특별시 노원구,중계,승하차인원,08-09시 평균,2880,3309,-429
202312,서울특별시 노원구,중계,승하차인원,12-13시 평균,1291,1364,-73
202312,서울특별시 노원구,중계,승하차인원,18-19시 평균,1987,2263,-277
202312,서울특별시 노원구,중계,승하차인원,20-21시 평균,1088,1178,-89
202312,서울특별시 광진구,중곡,승하차인원,시간당 평균,962,1004,-42
202312,서울특별시 광진구,중곡,승하차인원,08-09시 평균,2325,2630,-305
202312,서울특별시 광진구,중곡,승하차인원,12-13시 평균,954,894,60
202312,서울특별시 광진구,중곡,승하차인원,18-19시 평균,1805,1975,-170
202312,서울특별시 광진구,중곡,승하차인원,20-21시 평균,842,847,-4
202312,서울특별시 중랑구,중랑,승하차인원,시간당 평균,488,512,-25
202312,서울특별시 중랑구,중랑,승하차인원,08-09시 평균,811,923,-112
202312,서울특별시 중랑구,중랑,승하차인원,12-13시 평균,495,491,4
202312,서울특별시 중랑구,중랑,승하차인원,18-19시 평균,863,953,-91
202312,서울특별시 중랑구,중랑,승하차인원,20-21시 평균,455,493,-38
202312,서울특별시 강동구,중앙보훈병원,승하차인원,시간당 평균,946,1032,-86
202312,서울특별시 강동구,중앙보훈병원,승하차인원,08-09시 평균,2097,2461,-364
202312,서울특별시 강동구,중앙보훈병원,승하차인원,12-13시 평균,958,985,-27
202312,서울특별시 강동구,중앙보훈병원,승하차인원,18-19시 평균,1545,1844,-299
202312,서울특별시 강동구,중앙보훈병원,승하차인원,20-21시 평균,739,794,-55
202312,서울특별시 중랑구,중화,승하차인원,시간당 평균,941,995,-54
202312,서울특별시 중랑구,중화,승하차인원,08-09시 평균,2120,2399,-279
202312,서울특별시 중랑구,중화,승하차인원,12-13시 평균,911,910,1
202312,서울특별시 중랑구,중화,승하차인원,18-19시 평균,1757,1924,-167
202312,서울특별시 중랑구,중화,승하차인원,20-21시 평균,878,931,-53
202312,서울특별시 강서구,증미,승하차인원,시간당 평균,652,703,-51
202312,서울특별시 강서구,증미,승하차인원,08-09시 평균,2186,2520,-334
202312,서울특별시 강서구,증미,승하차인원,12-13시 평균,526,505,21
202312,서울특별시 강서구,증미,승하차인원,18-19시 평균,1688,1989,-301
202312,서울특별시 강서구,증미,승하차인원,20-21시 평균,487,515,-28
202312,서울특별시 은평구,증산,승하차인원,시간당 평균,894,942,-47
202312,서울특별시 은평구,증산,승하차인원,08-09시 평균,1827,2101,-274
202312,서울특별시 은평구,증산,승하차인원,12-13시 평균,884,867,17
202312,서울특별시 은평구,증산,승하차인원,18-19시 평균,1692,1887,-195
202312,서울특별시 은평구,증산,승하차인원,20-21시 평균,808,859,-50
202312,서울특별시 도봉구,창동,승하차인원,시간당 평균,2435,2505,-70
202312,서울특별시 도봉구,창동,승하차인원,08-09시 평균,3791,4243,-452
202312,서울특별시 도봉구,창동,승하차인원,12-13시 평균,2721,2649,72
202312,서울특별시 도봉구,창동,승하차인원,18-19시 평균,4426,4773,-347
202312,서울특별시 도봉구,창동,승하차인원,20-21시 평균,2217,2266,-49
202312,서울특별시 종로구,창신,승하차인원,시간당 평균,291,317,-26
202312,서울특별시 종로구,창신,승하차인원,08-09시 평균,693,815,-122
202312,서울특별시 종로구,창신,승하차인원,12-13시 평균,271,283,-12
202312,서울특별시 종로구,창신,승하차인원,18-19시 평균,435,500,-66
202312,서울특별시 종로구,창신,승하차인원,20-21시 평균,237,269,-32
202312,서울특별시 구로구,천왕,승하차인원,시간당 평균,980,1053,-73
202312,서울특별시 구로구,천왕,승하차인원,08-09시 평균,2347,2696,-349
202312,서울특별시 구로구,천왕,승하차인원,12-13시 평균,898,892,6
202312,서울특별시 구로구,천왕,승하차인원,18-19시 평균,1863,2150,-287
202312,서울특별시 구로구,천왕,승하차인원,20-21시 평균,855,899,-44
202312,서울특별시 강동구,천호,승하차인원,시간당 평균,3316,3336,-20
202312,서울특별시 강동구,천호,승하차인원,08-09시 평균,5158,5862,-703
202312,서울특별시 강동구,천호,승하차인원,12-13시 평균,3578,3382,195
202312,서울특별시 강동구,천호,승하차인원,18-19시 평균,6962,7297,-335
202312,서울특별시 강동구,천호,승하차인원,20-21시 평균,3404,3377,27
202312,서울특별시 중구,청구,승하차인원,시간당 평균,671,712,-41
202312,서울특별시 중구,청구,승하차인원,08-09시 평균,1775,2058,-282
202312,서울특별시 중구,청구,승하차인원,12-13시 평균,619,622,-3
202312,서울특별시 중구,청구,승하차인원,18-19시 평균,1445,1625,-180
202312,서울특별시 중구,청구,승하차인원,20-21시 평균,593,622,-29
202312,서울특별시 강남구,청담,승하차인원,시간당 평균,1676,1855,-179
202312,서울특별시 강남구,청담,승하차인원,08-09시 평균,4719,5506,-787
202312,서울특별시 강남구,청담,승하차인원,12-13시 평균,1393,1386,7
202312,서울특별시 강남구,청담,승하차인원,18-19시 평균,3833,4578,-745
202312,서울특별시 강남구,청담,승하차인원,20-21시 평균,1246,1382,-136
202312,서울특별시 동대문구,청량리,승하차인원,시간당 평균,3732,3775,-43
202312,서울특별시 동대문구,청량리,승하차인원,08-09시 평균,5078,5759,-681
202312,서울특별시 동대문구,청량리,승하차인원,12-13시 평균,5344,5109,235
202312,서울특별시 동대문구,청량리,승하차인원,18-19시 평균,6219,6710,-491
202312,서울특별시 동대문구,청량리,승하차인원,20-21시 평균,3073,3029,45
202312,서울특별시 동작구,총신대입구,승하차인원,시간당 평균,3270,3350,-80
202312,서울특별시 동작구,총신대입구,승하차인원,08-09시 평균,5792,6642,-850
202312,서울특별시 동작구,총신대입구,승하차인원,12-13시 평균,3479,3292,187
202312,서울특별시 동작구,총신대입구,승하차인원,18-19시 평균,6936,7610,-674
202312,서울특별시 동작구,총신대입구,승하차인원,20-21시 평균,3248,3298,-50
202312,서울특별시 중구,충무로,승하차인원,시간당 평균,2693,2975,-282
202312,서울특별시 중구,충무로,승하차인원,08-09시 평균,5947,7111,-1164
202312,서울특별시 중구,충무로,승하차인원,12-13시 평균,2686,2800,-114
202312,서울특별시 중구,충무로,승하차인원,18-19시 평균,6259,7208,-949
202312,서울특별시 중구,충무로,승하차인원,20-21시 평균,2496,2731,-235
202312,서울특별시 서대문구,충정로,승하차인원,시간당 평균,1310,1412,-102
202312,서울특별시 서대문구,충정로,승하차인원,08-09시 평균,3844,4402,-558
202312,서울특별시 서대문구,충정로,승하차인원,12-13시 평균,1125,1162,-38
202312,서울특별시 서대문구,충정로,승하차인원,18-19시 평균,3275,3781,-506
202312,서울특별시 서대문구,충정로,승하차인원,20-21시 평균,1063,1042,21
202312,서울특별시 노원구,태릉입구,승하차인원,시간당 평균,1337,1443,-106
202312,서울특별시 노원구,태릉입구,승하차인원,08-09시 평균,2399,2872,-473
202312,서울특별시 노원구,태릉입구,승하차인원,12-13시 평균,1399,1444,-44
202312,서울특별시 노원구,태릉입구,승하차인원,18-19시 평균,2483,2831,-348
202312,서울특별시 노원구,태릉입구,승하차인원,20-21시 평균,1270,1350,-81
202312,서울특별시 노원구,하계,승하차인원,시간당 평균,1592,1704,-112
202312,서울특별시 노원구,하계,승하차인원,08-09시 평균,3066,3542,-476
202312,서울특별시 노원구,하계,승하차인원,12-13시 평균,1770,1765,5
202312,서울특별시 노원구,하계,승하차인원,18-19시 평균,2656,2977,-321
202312,서울특별시 노원구,하계,승하차인원,20-21시 평균,1439,1545,-106
202312,서울특별시 강남구,학동,승하차인원,시간당 평균,1994,2204,-210
202312,서울특별시 강남구,학동,승하차인원,08-09시 평균,5650,6500,-850
202312,서울특별시 강남구,학동,승하차인원,12-13시 평균,1445,1467,-22
202312,서울특별시 강남구,학동,승하차인원,18-19시 평균,5367,6355,-988
202312,서울특별시 강남구,학동,승하차인원,20-21시 평균,1519,1637,-117
202312,서울특별시 강남구,학여울,승하차인원,시간당 평균,241,233,9
202312,서울특별시 강남구,학여울,승하차인원,08-09시 평균,421,491,-69
202312,서울특별시 강남구,학여울,승하차인원,12-13시 평균,343,281,62
202312,서울특별시 강남구,학여울,승하차인원,18-19시 평균,410,435,-25
202312,서울특별시 강남구,학여울,승하차인원,20-21시 평균,142,154,-13
202312,서울특별시 용산구,한강진,승하차인원,시간당 평균,1015,1004,11
202312,서울특별시 용산구,한강진,승하차인원,08-09시 평균,1365,1643,-278
202312,서울특별시 용산구,한강진,승하차인원,12-13시 평균,971,923,48
202312,서울특별시 용산구,한강진,승하차인원,18-19시 평균,2270,2413,-143
202312,서울특별시 용산구,한강진,승하차인원,20-21시 평균,1061,959,102
202312,서울특별시 용산구,한남,승하차인원,시간당 평균,353,379,-26
202312,서울특별시 용산구,한남,승하차인원,08-09시 평균,605,697,-92
202312,서울특별시 용산구,한남,승하차인원,12-13시 평균,369,373,-5
202312,서울특별시 용산구,한남,승하차인원,18-19시 평균,675,768,-93
202312,서울특별시 용산구,한남,승하차인원,20-21시 평균,274,275,-1
202312,서울특별시 성북구,한성대입구,승하차인원,시간당 평균,1260,1369,-108
202312,서울특별시 성북구,한성대입구,승하차인원,08-09시 평균,2036,2410,-375
202312,서울특별시 성북구,한성대입구,승하차인원,12-13시 평균,1469,1545,-76
202312,서울특별시 성북구,한성대입구,승하차인원,18-19시 평균,2161,2389,-228
202312,서울특별시 성북구,한성대입구,승하차인원,20-21시 평균,1115,1264,-150
202312,서울특별시 송파구,한성백제,승하차인원,시간당 평균,257,269,-12
202312,서울특별시 송파구,한성백제,승하차인원,08-09시 평균,545,633,-88
202312,서울특별시 송파구,한성백제,승하차인원,12-13시 평균,268,265,4
202312,서울특별시 송파구,한성백제,승하차인원,18-19시 평균,521,568,-46
202312,서울특별시 송파구,한성백제,승하차인원,20-21시 평균,222,228,-6
202312,서울특별시 성동구,한양대,승하차인원,시간당 평균,984,1308,-325
202312,서울특별시 성동구,한양대,승하차인원,08-09시 평균,1910,2678,-768
202312,서울특별시 성동구,한양대,승하차인원,12-13시 평균,1479,2052,-573
202312,서울특별시 성동구,한양대,승하차인원,18-19시 평균,1637,2267,-630
202312,서울특별시 성동구,한양대,승하차인원,20-21시 평균,654,834,-180
202312,서울특별시 강남구,한티,승하차인원,시간당 평균,1402,1550,-148
202312,서울특별시 강남구,한티,승하차인원,08-09시 평균,2360,2765,-405
202312,서울특별시 강남구,한티,승하차인원,12-13시 평균,1528,1665,-138
202312,서울특별시 강남구,한티,승하차인원,18-19시 평균,2670,3082,-412
202312,서울특별시 강남구,한티,승하차인원,20-21시 평균,1529,1609,-80
202312,서울특별시 마포구,합정,승하차인원,시간당 평균,4554,4570,-17
202312,서울특별시 마포구,합정,승하차인원,08-09시 평균,6449,7444,-995
202312,서울특별시 마포구,합정,승하차인원,12-13시 평균,4450,4160,290
202312,서울특별시 마포구,합정,승하차인원,18-19시 평균,10617,11278,-661
202312,서울특별시 마포구,합정,승하차인원,20-21시 평균,5191,5194,-3
202312,서울특별시 성동구,행당,승하차인원,시간당 평균,689,725,-36
202312,서울특별시 성동구,행당,승하차인원,08-09시 평균,1654,1921,-267
202312,서울특별시 성동구,행당,승하차인원,12-13시 평균,674,660,14
202312,서울특별시 성동구,행당,승하차인원,18-19시 평균,1313,1453,-140
202312,서울특별시 성동구,행당,승하차인원,20-21시 평균,609,628,-18
202312,서울특별시 종로구,혜화,승하차인원,시간당 평균,3734,3680,55
202312,서울특별시 종로구,혜화,승하차인원,08-09시 평균,4542,5138,-595
202312,서울특별시 종로구,혜화,승하차인원,12-13시 평균,4646,4341,305
202312,서울특별시 종로구,혜화,승하차인원,18-19시 평균,6907,7269,-362
202312,서울특별시 종로구,혜화,승하차인원,20-21시 평균,3537,3358,179
202312,서울특별시 마포구,홍대입구,승하차인원,시간당 평균,8956,8545,411
202312,서울특별시 마포구,홍대입구,승하차인원,08-09시 평균,7254,8392,-1138
202312,서울특별시 마포구,홍대입구,승하차인원,12-13시 평균,10067,8902,1165
202312,서울특별시 마포구,홍대입구,승하차인원,18-19시 평균,18317,18485,-169
202312,서울특별시 마포구,홍대입구,승하차인원,20-21시 평균,11403,10829,574
202312,서울특별시 서대문구,홍제,승하차인원,시간당 평균,1616,1713,-96
202312,서울특별시 서대문구,홍제,승하차인원,08-09시 평균,3014,3488,-474
202312,서울특별시 서대문구,홍제,승하차인원,12-13시 평균,1826,1793,33
202312,서울특별시 서대문구,홍제,승하차인원,18-19시 평균,2872,3213,-341
202312,서울특별시 서대문구,홍제,승하차인원,20-21시 평균,1423,1522,-100
202312,서울특별시 강북구,화계,승하차인원,시간당 평균,314,331,-17
202312,서울특별시 강북구,화계,승하차인원,08-09시 평균,607,709,-102
202312,서울특별시 강북구,화계,승하차인원,12-13시 평균,433,450,-17
202312,서울특별시 강북구,화계,승하차인원,18-19시 평균,461,504,-43
202312,서울특별시 강북구,화계,승하차인원,20-21시 평균,250,256,-6
202312,서울특별시 강서구,화곡,승하차인원,시간당 평균,2487,2595,-108
202312,서울특별시 강서구,화곡,승하차인원,08-09시 평균,5556,6361,-804
202312,서울특별시 강서구,화곡,승하차인원,12-13시 평균,2319,2226,93
202312,서울특별시 강서구,화곡,승하차인원,18-19시 평균,5104,5693,-589
202312,서울특별시 강서구,화곡,승하차인원,20-21시 평균,2347,2439,-92
202312,서울특별시 노원구,화랑대,승하차인원,시간당 평균,951,1065,-114
202312,서울특별시 노원구,화랑대,승하차인원,08-09시 평균,2227,2739,-512
202312,서울특별시 노원구,화랑대,승하차인원,12-13시 평균,879,920,-41
202312,서울특별시 노원구,화랑대,승하차인원,18-19시 평균,1615,1891,-275
202312,서울특별시 노원구,화랑대,승하차인원,20-21시 평균,780,849,-70
202312,서울특별시 동대문구,회기,승하차인원,시간당 평균,2405,2679,-273
202312,서울특별시 동대문구,회기,승하차인원,08-09시 평균,3993,4890,-897
202312,서울특별시 동대문구,회기,승하차인원,12-13시 평균,2732,2888,-155
202312,서울특별시 동대문구,회기,승하차인원,18-19시 평균,4117,4886,-768
202312,서울특별시 동대문구,회기,승하차인원,20-21시 평균,2254,2434,-180
202312,서울특별시 중구,회현,승하차인원,시간당 평균,2604,2606,-2
202312,서울특별시 중구,회현,승하차인원,08-09시 평균,4498,5184,-686
202312,서울특별시 중구,회현,승하차인원,12-13시 평균,3305,3357,-52
202312,서울특별시 중구,회현,승하차인원,18-19시 평균,5460,5303,157
202312,서울특별시 중구,회현,승하차인원,20-21시 평균,2699,2304,395
202312,서울특별시 용산구,효창공원앞,승하차인원,시간당 평균,932,1022,-90
202312,서울특별시 용산구,효창공원앞,승하차인원,08-09시 평균,2411,2861,-449
202312,서울특별시 용산구,효창공원앞,승하차인원,12-13시 평균,911,937,-27
202312,서울특별시 용산구,효창공원앞,승하차인원,18-19시 평균,2114,2441,-327
202312,서울특별시 용산구,효창공원앞,승하차인원,20-21시 평균,766,831,-65
202312,서울특별시 동작구,흑석,승하차인원,시간당 평균,851,975,-124
202312,서울특별시 동작구,흑석,승하차인원,08-09시 평균,1470,1858,-388
202312,서울특별시 동작구,흑석,승하차인원,12-13시 평균,995,1274,-279
202312,서울특별시 동작구,흑석,승하차인원,18-19시 평균,1510,1810,-300
202312,서울특별시 동작구,흑석,승하차인원,20-21시 평균,740,833,-93
