노선,기종점,정류장순번,정류장명,04시,05시,06시,07시,08시,09시,10시,11시,12시,13시,14시,15시,16시,17시,18시,19시,20시,21시,22시,23시,00시,01시,02시,03시,Column1
1150,외국어대학교 - 한국외대종점,0,외국어대학교,0,0,0,0,0,10,13,17,26,17,40,24,44,13,7,0,4,2,15,0,0,0,0,0,
1150,외국어대학교 - 한국외대종점,1,외국어대학교(경유),0,0,0,0,0,10,13,17,26,17,40,24,44,13,7,0,4,2,15,0,0,0,0,0,
1150,외국어대학교 - 한국외대종점,2,외국어대학교기숙사,0,0,4,0,0,0,15,13,0,13,43,9,49,15,0,0,9,0,4,0,0,0,0,0,
1150,외국어대학교 - 한국외대종점,3,외대.모현빌라,0,2,2,4,2,0,15,0,22,20,39,28,67,18,7,2,11,2,0,0,0,0,0,0,
1150,외국어대학교 - 한국외대종점,4,외국어대입구,0,4,4,2,7,0,14,0,0,22,28,30,72,20,10,9,13,4,0,0,0,0,0,0,
1150,외국어대학교 - 한국외대종점,5,외대사거리.왕산교,0,0,7,4,13,2,17,11,0,14,45,0,0,0,11,4,0,0,7,0,0,0,0,0,
1150,외국어대학교 - 한국외대종점,6,신안아파트,0,7,11,7,17,9,0,20,30,26,48,0,0,22,0,11,0,0,0,0,0,0,0,0,
1150,외국어대학교 - 한국외대종점,7,하마산.불영사,0,0,15,7,15,0,0,0,0,17,0,28,0,24,0,0,0,0,0,0,0,0,0,0,
1150,외국어대학교 - 한국외대종점,8,모현초등학교,0,0,9,0,9,4,17,11,0,0,45,30,7,27,0,0,11,0,0,0,0,0,0,0,
1150,외국어대학교 - 한국외대종점,9,매산사거리,0,0,0,11,11,5,0,11,0,0,0,33,9,20,9,13,4,0,4,0,0,0,0,0,
1150,외국어대학교 - 한국외대종점,10,문형2통.오포하수처리장,0,0,0,11,11,5,0,11,0,0,0,33,9,20,9,13,4,0,4,0,0,0,0,0,
1150,외국어대학교 - 한국외대종점,11,문형삼거리,0,13,17,11,11,7,17,0,0,16,39,33,74,29,16,7,0,7,0,0,0,0,0,0,
1150,외국어대학교 - 한국외대종점,12,문형2통.영진빌라,0,15,20,11,0,14,26,0,0,13,0,28,17,0,0,0,0,0,0,0,0,0,0,0,
1150,외국어대학교 - 한국외대종점,13,문형리잣나무골,0,17,24,13,0,0,31,0,35,0,41,30,0,9,0,9,0,0,0,0,0,0,0,0,
1150,외국어대학교 - 한국외대종점,14,문형4통.수렁개,0,20,24,16,0,17,22,13,0,13,0,26,0,22,11,7,2,0,17,0,0,0,0,0,
1150,외국어대학교 - 한국외대종점,15,문형3통.되치미,0,9,26,18,0,11,20,0,37,0,0,37,76,29,13,0,0,0,0,0,0,0,0,0,
1150,외국어대학교 - 한국외대종점,16,동서울공업사.시안정문,0,0,15,0,17,13,33,0,39,0,0,39,0,27,13,15,0,0,0,0,0,0,0,0,
1150,외국어대학교 - 한국외대종점,17,오포장례식장.주성엔지니어링,0,0,0,0,0,0,0,0,29,0,0,0,20,0,0,0,0,0,0,0,0,0,0,0,
1150,외국어대학교 - 한국외대종점,18,시안.엘리시움,0,0,0,0,0,0,0,22,0,16,16,0,0,0,0,0,0,0,0,0,0,0,0,0,
1150,외국어대학교 - 한국외대종점,19,인성가스충전소,0,11,30,36,18,19,36,20,27,19,0,37,41,29,20,10,0,0,0,0,0,0,0,0,
1150,외국어대학교 - 한국외대종점,20,능평리회전교차로,0,22,33,42,0,0,38,26,39,28,48,33,43,27,13,12,13,0,0,0,0,0,0,0,
1150,외국어대학교 - 한국외대종점,21,능골삼거리,0,26,48,60,20,29,45,35,39,22,43,41,80,29,22,14,15,0,22,0,0,0,0,0,
1150,외국어대학교 - 한국외대종점,22,오포베르빌아파트,0,0,37,60,0,33,48,39,41,0,52,46,85,27,24,20,0,4,0,0,0,0,0,0,
1150,외국어대학교 - 한국외대종점,23,창뜰마을입구.한토이,0,0,39,71,26,0,30,37,43,27,18,0,0,31,0,0,4,0,0,0,0,0,0,0,
1150,외국어대학교 - 한국외대종점,24,능평동복합문화시설,0,37,57,73,40,37,45,39,48,0,46,48,43,29,24,12,0,7,7,0,0,0,0,0,
1150,외국어대학교 - 한국외대종점,25,수레실.오포롯데캐슬,0,39,61,78,47,39,50,33,54,33,55,33,83,27,0,11,4,4,0,0,0,0,0,0,
1150,외국어대학교 - 한국외대종점,26,용상골현대아파트,0,50,67,67,53,43,55,41,57,36,50,0,43,18,11,12,7,0,4,0,0,0,0,0,
1150,외국어대학교 - 한국외대종점,27,능평119안전센터,0,57,83,78,82,50,57,35,0,40,24,54,0,31,18,0,0,7,9,0,0,0,0,0,
1150,외국어대학교 - 한국외대종점,28,광명초등학교,0,59,87,78,48,52,0,0,59,38,0,35,80,33,0,0,0,0,7,0,0,0,0,0,
1150,외국어대학교 - 한국외대종점,29,신현동행정복지센터,0,61,91,87,67,55,60,41,27,0,27,52,48,26,0,0,0,0,0,0,0,0,0,0,
1150,외국어대학교 - 한국외대종점,30,현대모닝사이드1차아파트.새마을입구.신현리,0,63,83,91,89,64,64,46,63,43,33,54,85,26,18,22,0,0,0,0,0,0,0,0,
1150,외국어대학교 - 한국외대종점,31,율동공원라폴리움,0,0,85,67,73,0,0,0,61,0,0,57,0,0,0,0,0,0,0,0,0,0,0,0,
1150,외국어대학교 - 한국외대종점,32,태재고개,0,76,96,96,89,71,67,61,67,47,57,63,54,33,24,13,17,9,11,0,0,0,0,0,
1150,외국어대학교 - 한국외대종점,33,건영빌라.분당요한성당.장안중학교,0,80,78,96,89,67,0,52,40,0,0,52,57,20,24,0,0,0,0,0,0,0,0,0,
1150,외국어대학교 - 한국외대종점,34,율동공원,0,0,93,0,91,74,0,54,74,42,24,0,59,0,28,16,0,0,0,0,0,0,0,0,
1150,외국어대학교 - 한국외대종점,35,장안타운입구.한신빌라,0,85,0,78,89,70,69,0,41,51,36,0,59,29,0,20,13,0,0,0,0,0,0,0,
1150,외국어대학교 - 한국외대종점,36,임광아파트정문.효자촌입구.분당중앙교회,0,83,57,96,85,83,71,0,76,53,57,65,57,83,27,0,0,0,0,0,0,0,0,0,
1150,외국어대학교 - 한국외대종점,37,서현중학교,0,78,95,93,84,70,69,61,41,50,55,0,41,31,26,18,11,15,9,0,0,0,0,0,
1150,외국어대학교 - 한국외대종점,38,새마을연수원입구,0,0,76,96,82,86,64,63,72,0,60,50,54,13,0,15,11,17,7,20,0,0,0,0,
1150,외국어대학교 - 한국외대종점,39,이매촌한신.서현역.AK프라자,0,67,78,98,82,76,51,67,65,49,67,57,52,85,31,29,20,24,13,15,0,0,0,0,
1150,외국어대학교 - 한국외대종점,40,백현마을2단지,0,70,0,93,80,78,74,74,63,46,24,0,46,28,29,5,11,22,0,0,0,0,0,0,
1150,외국어대학교 - 한국외대종점,41,백현마을1단지,0,0,64,89,58,76,76,61,0,33,26,0,0,7,27,0,13,13,0,0,0,0,0,0,
1150,외국어대학교 - 한국외대종점,42,판교역.낙생육교.현대백화점,0,59,95,98,71,72,64,69,52,49,64,63,46,85,37,31,30,24,11,17,0,0,0,0,
1150,외국어대학교 - 한국외대종점,43,판교TG(경유),0,59,95,98,71,72,64,69,52,49,64,63,46,85,37,31,30,24,11,17,0,0,0,0,
1150,외국어대학교 - 한국외대종점,44,금토JC(경유),0,59,95,98,71,72,64,69,52,49,64,63,46,85,37,31,30,24,11,17,0,0,0,0,
1150,외국어대학교 - 한국외대종점,45,서울진입(경유),0,59,95,98,71,72,64,69,52,49,64,63,46,85,37,31,30,24,11,17,0,0,0,0,
1150,외국어대학교 - 한국외대종점,46,청계산입구역(경유),0,59,95,98,71,72,64,69,52,49,64,63,46,85,37,31,30,24,11,17,0,0,0,0,
1150,외국어대학교 - 한국외대종점,47,양재IC(경유),0,59,95,98,71,72,64,69,52,49,64,63,46,85,37,31,30,24,11,17,0,0,0,0,
1150,외국어대학교 - 한국외대종점,48,서초IC(경유),0,59,95,98,71,72,64,69,52,49,64,63,46,85,37,31,30,24,11,17,0,0,0,0,
1150,외국어대학교 - 한국외대종점,49,반포IC(경유),0,59,95,98,71,72,64,69,52,49,64,63,46,85,37,31,30,24,11,17,0,0,0,0,
1150,외국어대학교 - 한국외대종점,50,한남IC(경유),0,59,95,98,71,72,64,69,52,49,64,63,46,85,37,31,30,24,11,17,0,0,0,0,
1150,외국어대학교 - 한국외대종점,51,순천향대학병원,0,0,52,93,87,56,47,50,33,43,30,45,61,59,24,24,20,15,7,7,0,0,0,0,
1150,외국어대학교 - 한국외대종점,52,한남1고가차도(경유),0,0,52,93,87,56,47,50,33,43,30,45,61,59,24,24,20,15,7,7,0,0,0,0,
1150,외국어대학교 - 한국외대종점,53,남산1호터널TG(경유),0,0,52,93,87,56,47,50,33,43,30,45,61,59,24,24,20,15,7,7,0,0,0,0,
1150,외국어대학교 - 한국외대종점,54,남대문세무서.국가인권위원회,0,0,36,62,63,36,30,48,37,33,31,31,50,37,9,16,15,13,4,2,0,0,0,0,
1150,외국어대학교 - 한국외대종점,55,종로2가사거리(중),0,0,22,43,48,29,22,29,15,17,18,26,20,15,7,18,15,7,4,0,0,0,0,0,
1150,외국어대학교 - 한국외대종점,56,을지로입구역.광교,0,0,17,26,30,22,11,26,9,13,10,17,20,17,15,11,15,9,9,7,0,0,0,0,
1150,외국어대학교 - 한국외대종점,57,북창동.남대문시장,0,0,15,13,11,18,5,14,4,15,15,26,17,13,17,13,17,11,7,11,0,0,0,0,
1150,외국어대학교 - 한국외대종점,58,서울역버스환승센터(5번승강장)(중),0,0,26,12,13,11,9,5,4,7,20,29,11,26,28,18,22,17,17,16,0,0,0,0,
1150,외국어대학교 - 한국외대종점,59,서울역교차로(경유),0,0,26,12,13,11,9,5,4,7,20,29,11,26,28,18,22,17,17,16,0,0,0,0,
1150,외국어대학교 - 한국외대종점,60,숭례문,0,0,26,38,9,11,4,2,9,2,9,0,13,37,43,24,24,13,11,18,0,0,0,0,
1150,외국어대학교 - 한국외대종점,61,남대문로3가(경유),0,0,26,38,9,11,4,2,11,2,9,0,13,37,43,24,24,13,11,18,0,0,0,0,
1150,외국어대학교 - 한국외대종점,62,명동입구,0,0,26,40,7,11,11,9,15,15,11,33,24,54,61,40,36,33,30,0,15,0,0,0,
1150,외국어대학교 - 한국외대종점,63,남대문세무서.서울백병원(중),0,0,0,48,24,20,24,14,20,17,33,36,43,65,78,58,57,54,46,27,22,0,0,0,
1150,외국어대학교 - 한국외대종점,64,남산1호터널TG(경유),0,0,0,48,24,20,24,14,20,30,33,36,43,65,78,89,57,54,46,27,22,0,0,0,
1150,외국어대학교 - 한국외대종점,65,한남1고가차도진입(경유),0,0,0,48,24,20,24,14,20,30,33,36,43,65,78,89,57,54,46,27,22,0,0,0,
1150,외국어대학교 - 한국외대종점,66,순천향대학병원,0,0,33,74,39,30,41,18,26,24,41,38,43,80,89,69,69,72,52,36,24,0,0,0,
1150,외국어대학교 - 한국외대종점,67,한남IC(경유),0,0,33,74,39,30,41,18,26,24,41,38,43,80,89,69,69,72,52,36,24,0,0,0,
1150,외국어대학교 - 한국외대종점,68,반포IC(경유),0,0,33,74,39,30,41,18,26,24,41,38,43,80,89,69,69,72,52,36,24,0,0,0,
1150,외국어대학교 - 한국외대종점,69,서초IC(경유),0,0,33,74,39,30,41,18,26,24,41,38,43,80,89,69,69,72,52,36,24,0,0,0,
1150,외국어대학교 - 한국외대종점,70,양재IC(경유),0,0,33,74,39,30,41,18,26,24,41,38,43,80,89,69,69,72,52,36,24,0,0,0,
1150,외국어대학교 - 한국외대종점,71,청계산입구역(경유),0,0,33,74,39,30,41,18,26,24,41,38,43,80,89,69,69,72,52,36,24,0,0,0,
1150,외국어대학교 - 한국외대종점,72,성남진입(경유),0,0,33,74,39,30,41,18,26,24,41,38,43,80,89,69,69,72,52,36,24,0,0,0,
1150,외국어대학교 - 한국외대종점,73,금토JC(경유),0,0,33,74,39,30,41,18,26,24,41,38,43,80,89,69,69,72,52,36,24,0,0,0,
1150,외국어대학교 - 한국외대종점,74,판교TG(경유),0,0,33,74,39,30,41,18,26,24,41,38,43,80,89,69,69,72,52,36,24,0,0,0,
1150,외국어대학교 - 한국외대종점,75,판교역.낙생육교.현대백화점,0,0,0,62,42,33,50,7,20,26,22,37,39,76,89,91,69,67,63,36,37,0,0,0,
1150,외국어대학교 - 한국외대종점,76,백현마을4단지,0,0,0,0,0,30,52,0,13,0,20,35,29,83,0,91,67,67,0,33,35,0,0,0,
1150,외국어대학교 - 한국외대종점,77,백현마을3단지,0,0,0,0,0,0,24,0,0,0,22,36,27,0,91,0,49,52,0,31,0,0,0,0,
1150,외국어대학교 - 한국외대종점,78,이매촌한신.서현역.AK프라자,0,0,0,71,31,36,57,18,0,28,22,50,41,93,98,96,64,87,80,49,54,0,0,0,
1150,외국어대학교 - 한국외대종점,79,새마을연수원입구,0,0,0,76,28,38,0,0,0,29,0,39,42,91,98,96,64,91,74,38,52,0,0,0,
1150,외국어대학교 - 한국외대종점,80,서현중학교,0,0,0,81,33,40,0,20,22,0,15,0,54,93,0,93,0,89,76,36,0,0,0,0,
1150,외국어대학교 - 한국외대종점,81,임광아파트정문.효자촌입구.분당중앙교회,0,0,0,83,36,22,57,15,20,0,13,48,40,89,93,85,62,63,74,47,0,0,0,0,
1150,외국어대학교 - 한국외대종점,82,장안타운입구.한신빌라,0,0,0,86,0,42,59,0,17,0,11,37,33,87,91,80,60,85,63,31,50,0,0,0,
1150,외국어대학교 - 한국외대종점,83,율동공원,0,0,0,0,0,0,0,0,0,26,31,20,0,85,85,72,53,0,54,70,0,0,0,0,
1150,외국어대학교 - 한국외대종점,84,장안중학교후문,0,0,0,0,0,17,0,0,0,0,0,0,38,63,89,70,58,0,52,29,0,0,0,0,
1150,외국어대학교 - 한국외대종점,85,분당요한성당,0,0,0,83,22,0,61,0,18,24,29,0,40,85,96,78,40,83,50,67,48,0,0,0,
1150,외국어대학교 - 한국외대종점,86,태재고개,0,0,0,81,0,20,22,0,26,24,20,35,36,72,72,74,44,65,52,52,39,0,0,0,
1150,외국어대학교 - 한국외대종점,87,현대모닝사이드1차아파트.새마을입구.신현리,0,0,0,0,0,0,44,59,0,26,18,22,38,72,50,67,38,61,48,48,43,0,0,0,
1150,외국어대학교 - 한국외대종점,88,신현동행정복지센터,0,0,0,86,0,24,7,0,0,0,0,0,0,72,48,63,36,57,43,0,43,0,0,0,
1150,외국어대학교 - 한국외대종점,89,광명초등학교,0,0,0,90,38,26,0,0,20,24,0,24,36,70,43,61,29,33,33,43,41,0,0,0,
1150,외국어대학교 - 한국외대종점,90,능평119안전센터,0,0,0,0,0,28,16,11,0,0,15,0,24,54,63,57,31,50,30,41,39,0,0,0,
1150,외국어대학교 - 한국외대종점,91,용상골현대아파트,0,0,0,93,19,30,42,0,15,7,15,20,33,28,52,54,27,27,41,39,35,0,0,0,
1150,외국어대학교 - 한국외대종점,92,수레실전원교회.오포롯데캐슬,0,0,0,93,0,28,26,0,13,20,9,9,24,41,41,50,43,48,39,37,24,0,0,0,
1150,외국어대학교 - 한국외대종점,93,능평동복합문화시설,0,0,0,98,0,26,0,0,9,0,13,17,17,35,28,48,35,43,35,30,20,0,0,0,
1150,외국어대학교 - 한국외대종점,94,창뜰마을입구.한토이,0,0,0,0,100,0,0,0,0,0,0,0,21,0,37,43,11,24,0,28,0,0,0,0,
1150,외국어대학교 - 한국외대종점,95,능평성당,0,0,0,0,0,0,0,0,0,0,0,0,19,0,0,0,18,0,0,0,0,0,0,0,
1150,외국어대학교 - 한국외대종점,96,글로비스자동차경매장,0,0,0,0,0,0,20,0,0,0,0,0,17,0,0,0,0,0,0,13,17,0,0,0,
1150,외국어대학교 - 한국외대종점,97,오포베르빌아파트,0,0,0,0,98,0,4,0,0,0,13,15,0,33,33,43,28,37,28,26,0,0,0,0,
1150,외국어대학교 - 한국외대종점,98,능골마을앞,0,0,0,0,93,24,0,0,7,7,0,7,11,28,24,41,22,33,26,9,7,0,0,0,
1150,외국어대학교 - 한국외대종점,99,능평리회전교차로,0,0,0,0,17,9,0,0,0,7,0,0,12,15,17,35,17,26,13,24,16,0,0,0,
1150,외국어대학교 - 한국외대종점,100,인성가스충전소,0,0,0,0,90,0,40,59,0,0,0,13,0,22,22,33,13,9,22,22,0,0,0,0,
1150,외국어대학교 - 한국외대종점,101,시안.엘리시움,0,0,0,0,88,22,38,0,0,0,0,0,0,0,0,0,18,24,0,0,0,0,0,0,
1150,외국어대학교 - 한국외대종점,102,오포장례식장.주성엔지니어링,0,0,0,0,36,0,0,0,0,0,0,0,0,5,17,0,0,0,0,0,0,0,0,0,
1150,외국어대학교 - 한국외대종점,103,동서울공업사.시안정문,0,0,0,0,79,20,36,57,16,13,0,11,7,15,22,0,0,0,0,0,0,0,0,0,
1150,외국어대학교 - 한국외대종점,104,문형3통.되치미,0,0,0,0,29,0,0,0,0,0,0,0,0,13,0,24,28,22,0,15,7,0,0,0,
1150,외국어대학교 - 한국외대종점,105,문형4통.수렁개,0,0,0,0,76,14,33,0,0,0,0,0,14,17,17,22,26,17,17,13,2,0,0,0,
1150,외국어대학교 - 한국외대종점,106,문형리잣나무골,0,0,0,39,74,0,0,0,0,11,0,0,0,0,20,20,24,20,0,0,0,0,0,0,
1150,외국어대학교 - 한국외대종점,107,문형2통.영진빌라,0,0,0,0,0,0,0,54,0,0,0,0,2,15,20,0,20,17,15,9,0,0,0,0,
1150,외국어대학교 - 한국외대종점,108,문형삼거리,0,0,0,37,69,0,20,52,0,0,0,7,0,13,22,0,17,7,13,11,0,0,0,0,
1150,외국어대학교 - 한국외대종점,109,문형2통.오포하수처리장,0,0,0,0,67,0,17,0,0,0,15,0,0,0,0,0,9,7,11,0,0,0,0,0,
1150,외국어대학교 - 한국외대종점,110,매산사거리,0,0,0,30,62,0,0,0,0,0,0,0,12,11,0,0,15,0,4,9,0,0,0,0,
1150,외국어대학교 - 한국외대종점,111,모현초등학교,0,0,0,26,60,0,17,0,0,0,11,56,4,19,0,22,0,4,9,7,0,0,0,0,
1150,외국어대학교 - 한국외대종점,112,하마산.불영사,0,0,0,0,57,0,0,0,0,0,0,0,0,0,17,24,7,4,0,11,0,0,0,0,
1150,외국어대학교 - 한국외대종점,113,신안아파트,0,0,0,0,0,0,22,50,0,0,9,53,10,10,13,17,9,4,4,9,4,0,0,0,
1150,외국어대학교 - 한국외대종점,114,외국어대입구,0,0,0,24,55,7,31,0,13,0,0,38,5,2,0,2,4,4,13,4,11,0,0,0,
1150,외국어대학교 - 한국외대종점,115,모현지석묘입구,0,0,0,0,48,22,4,46,0,2,7,2,2,0,4,0,2,0,9,4,0,0,0,0,
1150,외국어대학교 - 한국외대종점,116,외국어대학교기숙사,0,0,0,0,45,10,27,41,0,0,7,0,0,0,0,0,0,2,2,0,0,0,0,0,
1150,외국어대학교 - 한국외대종점,117,외대도서관앞,0,0,0,13,21,7,13,15,2,0,2,2,0,0,0,0,0,0,0,0,0,0,0,0,
1150,외국어대학교 - 한국외대종점,118,한국외대종점,0,0,0,0,0,0,0,0,0,0,0,0,0,0,0,0,0,0,0,0,0,0,0,0,
1150,외국어대학교 - 한국외대종점,119,한국외대종점,0,0,0,0,0,0,0,0,0,0,0,0,0,0,0,0,0,0,0,0,0,0,0,0,
1403,경복대입구 - 경복대입구,0,경복대입구,0,0,0,0,0,0,0,2,0,4,2,0,0,0,0,0,0,0,0,0,0,0,0,0,
1403,경복대입구 - 경복대입구,1,구신북대교앞교차로(경유),0,0,0,0,0,0,0,2,0,4,2,0,0,0,0,0,0,0,0,0,0,0,0,0,
1403,경복대입구 - 경복대입구,2,포천시청앞,0,2,11,13,7,7,9,13,2,7,4,4,4,9,2,0,2,9,2,0,0,0,0,0,
1403,경복대입구 - 경복대입구,3,자작2통군단(경유),0,2,11,13,7,7,9,13,2,7,4,4,4,9,2,0,2,9,2,0,0,0,0,0,
1403,경복대입구 - 경복대입구,4,선단1통.대진대학교,0,16,9,16,16,11,16,0,27,9,18,11,20,16,4,2,7,0,7,0,0,0,0,0,
1403,경복대입구 - 경복대입구,5,주공2단지석향마을,0,24,18,29,18,13,20,4,38,24,0,0,0,0,7,0,9,0,0,0,0,0,0,0,
1403,경복대입구 - 경복대입구,6,송우6리시장앞,0,0,27,36,18,20,27,16,44,31,13,20,9,13,11,2,4,7,4,0,0,0,0,0,
1403,경복대입구 - 경복대입구,7,홈플러스,0,18,33,38,22,27,29,20,44,36,20,22,22,11,0,0,0,0,0,0,0,0,0,0,
1403,경복대입구 - 경복대입구,8,윗용상골.대방아파트,0,22,42,49,27,33,20,18,47,18,18,11,11,0,0,0,0,9,0,0,0,0,0,0,
1403,경복대입구 - 경복대입구,9,부인터사거리(경유),0,22,42,49,27,33,20,18,47,18,18,11,11,0,0,0,0,9,0,0,0,0,0,0,
1403,경복대입구 - 경복대입구,10,민락IC(경유),0,22,42,49,27,33,20,18,47,18,18,11,11,0,0,0,0,9,0,0,0,0,0,0,
1403,경복대입구 - 경복대입구,11,동의정부IC(경유),0,22,42,49,27,33,20,18,47,18,18,11,11,0,0,0,0,9,0,0,0,0,0,0,
1403,경복대입구 - 경복대입구,12,남별내IC(경유),0,22,42,49,27,33,20,18,47,18,18,11,11,0,0,0,0,9,0,0,0,0,0,0,
1403,경복대입구 - 경복대입구,13,갈매동구릉TG(경유),0,22,42,49,27,33,20,18,47,18,18,11,11,0,0,0,0,9,0,0,0,0,0,0,
1403,경복대입구 - 경복대입구,14,중랑IC(경유),0,22,42,49,27,33,20,18,47,18,18,11,11,0,0,0,0,9,0,0,0,0,0,0,
1403,경복대입구 - 경복대입구,15,아천IC(경유),0,22,42,49,27,33,20,18,47,18,18,11,11,0,0,0,0,9,0,0,0,0,0,0,
1403,경복대입구 - 경복대입구,16,천호대교북단(경유),0,22,42,49,27,33,20,18,47,18,18,11,11,0,0,0,0,9,0,0,0,0,0,0,
1403,경복대입구 - 경복대입구,17,올림픽대교북단(경유),0,22,42,49,27,33,20,18,47,18,18,11,11,0,0,0,0,9,0,0,0,0,0,0,
1403,경복대입구 - 경복대입구,18,잠실대교북단(경유),0,22,42,49,27,33,20,18,47,18,18,11,11,0,0,0,0,9,0,0,0,0,0,0,
1403,경복대입구 - 경복대입구,19,잠실대교남단(경유),0,22,42,49,27,33,20,18,47,18,18,11,11,0,0,0,0,9,0,0,0,0,0,0,
1403,경복대입구 - 경복대입구,20,영동대교남단(경유),0,22,42,49,27,33,20,18,47,18,18,11,11,0,0,0,0,9,0,0,0,0,0,0,
1403,경복대입구 - 경복대입구,21,성수대교남단(경유),0,22,42,49,27,33,20,18,47,18,18,11,11,0,0,0,0,9,0,0,0,0,0,0,
1403,경복대입구 - 경복대입구,22,한남IC(경유),0,22,42,49,27,33,20,18,47,18,18,11,11,0,0,0,0,9,0,0,0,0,0,0,
1403,경복대입구 - 경복대입구,23,신사역.푸른저축은행(중),0,0,13,20,24,20,20,13,11,27,18,18,7,4,9,9,2,4,4,0,0,0,0,0,
1403,경복대입구 - 경복대입구,24,논현역(중),0,0,9,11,18,0,18,4,9,18,16,13,2,2,0,0,0,0,2,2,0,0,0,0,
1403,경복대입구 - 경복대입구,25,신논현역.구교보타워사거리,0,0,0,4,0,4,0,0,0,2,0,4,0,4,4,7,4,0,4,0,0,0,0,0,
1403,경복대입구 - 경복대입구,26,고속터미널(중),0,0,4,0,4,9,2,2,7,4,16,11,7,13,16,4,13,11,4,11,0,0,0,0,
1403,경복대입구 - 경복대입구,27,반포역(중),0,0,11,0,7,7,0,0,0,9,0,0,0,16,18,11,0,9,4,0,0,0,0,0,
1403,경복대입구 - 경복대입구,28,논현역6번출구,0,0,0,2,0,11,0,4,4,11,0,0,9,20,33,13,16,13,9,7,0,0,0,0,
1403,경복대입구 - 경복대입구,29,신사역(중),0,0,16,0,9,13,4,9,13,16,18,16,13,33,62,44,31,20,27,16,0,0,0,0,
1403,경복대입구 - 경복대입구,30,한남IC(경유),0,0,16,0,9,13,4,9,13,16,18,16,13,33,62,44,31,20,27,16,0,0,0,0,
1403,경복대입구 - 경복대입구,31,성수대교북단(경유),0,0,16,0,9,13,4,9,13,16,18,16,13,33,62,44,31,20,27,16,0,0,0,0,
1403,경복대입구 - 경복대입구,32,영동대교북단(경유),0,0,16,0,9,13,4,9,13,16,18,16,13,33,62,44,31,20,27,16,0,0,0,0,
1403,경복대입구 - 경복대입구,33,잠실대교북단(경유),0,0,16,0,9,13,4,9,13,16,18,16,13,33,62,44,31,20,27,16,0,0,0,0,
1403,경복대입구 - 경복대입구,34,올림픽대교북단(경유),0,0,16,0,9,13,4,9,13,16,18,16,13,33,62,44,31,20,27,16,0,0,0,0,
1403,경복대입구 - 경복대입구,35,천호대교북단(경유),0,0,16,0,9,13,4,9,13,16,18,16,13,33,62,44,31,20,27,16,0,0,0,0,
1403,경복대입구 - 경복대입구,36,아천IC(경유),0,0,16,0,9,13,4,9,13,16,18,16,13,33,62,44,31,20,27,16,0,0,0,0,
1403,경복대입구 - 경복대입구,37,중랑IC(경유),0,0,16,0,9,13,4,9,13,16,18,16,13,33,62,44,31,20,27,16,0,0,0,0,
1403,경복대입구 - 경복대입구,38,갈매동구릉TG(경유),0,0,16,0,9,13,4,9,13,16,18,16,13,33,62,44,31,20,27,16,0,0,0,0,
1403,경복대입구 - 경복대입구,39,남별내IC(경유),0,0,16,0,9,13,4,9,13,16,18,16,13,33,62,44,31,20,27,16,0,0,0,0,
1403,경복대입구 - 경복대입구,40,동의정부IC(경유),0,0,16,0,9,13,4,9,13,16,18,16,13,33,62,44,31,20,27,16,0,0,0,0,
1403,경복대입구 - 경복대입구,41,민락IC(경유),0,0,16,0,9,13,4,9,13,16,18,16,13,33,62,44,31,20,27,16,0,0,0,0,
1403,경복대입구 - 경복대입구,42,이동교4리.대방아파트,0,0,0,0,0,0,16,7,7,0,0,20,13,0,29,47,29,22,0,22,0,0,0,0,
1403,경복대입구 - 경복대입구,43,원일아파트.송우5리,0,0,0,13,7,0,13,0,0,11,11,18,7,11,20,31,20,18,16,18,9,0,0,0,
1403,경복대입구 - 경복대입구,44,송우시장사거리.우리병원,0,0,0,7,7,7,7,4,0,11,7,0,4,9,11,22,16,18,0,11,4,0,0,0,
1403,경복대입구 - 경복대입구,45,주공2단지석향마을,0,0,0,4,0,0,11,2,0,9,0,9,0,9,7,9,9,13,9,4,11,0,0,0,
1403,경복대입구 - 경복대입구,46,선단1통.대진대학교,0,0,0,0,7,0,7,2,4,0,4,13,0,2,9,4,4,2,0,2,4,0,0,0,
1403,경복대입구 - 경복대입구,47,포천시청앞,0,0,0,0,0,0,0,0,2,0,0,0,0,0,0,0,0,0,0,0,0,0,0,0,
1403,경복대입구 - 경복대입구,48,경복대입구,0,0,0,0,0,0,0,0,0,0,0,0,0,0,0,0,0,0,0,0,0,0,0,0,
3100,대진대주차장대기(경유) - 대진대.학생회관,0,대진대주차장대기(경유),0,2,0,0,0,0,0,0,0,0,0,0,0,0,0,0,0,0,0,0,0,0,0,0,
3100,대진대주차장대기(경유) - 대진대.학생회관,1,대진대.학생회관,0,2,0,0,0,2,33,0,98,31,50,13,42,24,19,11,7,2,7,7,0,0,0,0,
3100,대진대주차장대기(경유) - 대진대.학생회관,2,대진대.여자기숙사,0,0,0,0,0,0,36,0,0,0,43,20,27,29,0,13,0,4,2,0,0,0,0,0,
3100,대진대주차장대기(경유) - 대진대.학생회관,3,대진대.학사마을입구,0,2,2,2,2,2,38,0,0,33,0,7,0,0,7,0,0,5,4,0,0,0,0,0,
3100,대진대주차장대기(경유) - 대진대.학생회관,4,선단1통.대진대학교,2,4,7,10,11,7,29,29,73,36,48,31,47,29,19,11,17,4,18,14,0,0,0,0,
3100,대진대주차장대기(경유) - 대진대.학생회관,5,설운3통.여단앞,2,4,0,9,0,4,31,0,33,24,0,0,0,33,24,0,4,0,0,0,0,0,0,0,
3100,대진대주차장대기(경유) - 대진대.학생회관,6,주공2단지석향마을,5,7,11,19,20,4,51,0,0,26,0,36,44,9,21,13,19,0,16,2,0,0,0,0,
3100,대진대주차장대기(경유) - 대진대.학생회관,7,송우리터미널,0,0,13,13,22,4,0,31,58,29,22,0,47,29,19,18,29,10,2,12,0,0,0,0,
3100,대진대주차장대기(경유) - 대진대.학생회관,8,송우6리시장앞,5,7,2,22,27,7,53,38,98,33,20,0,51,36,26,11,36,9,0,14,0,0,0,0,
3100,대진대주차장대기(경유) - 대진대.학생회관,9,홈플러스,12,9,0,26,29,7,56,0,96,33,38,0,29,56,31,29,38,0,0,11,0,0,0,0,
3100,대진대주차장대기(경유) - 대진대.학생회관,10,윗용상골.대방아파트,0,7,4,20,24,10,60,40,62,0,0,0,13,56,26,0,45,2,4,9,0,0,0,0,
3100,대진대주차장대기(경유) - 대진대.학생회관,11,이동교5리.축석검문소,14,11,0,24,30,7,56,0,33,0,38,0,0,0,24,3,0,0,0,11,0,0,0,0,
3100,대진대주차장대기(경유) - 대진대.학생회관,12,의정부성모병원,12,0,7,0,22,0,53,0,91,60,48,33,16,64,28,29,48,0,0,7,17,0,0,0,
3100,대진대주차장대기(경유) - 대진대.학생회관,13,경전철효자역,14,11,9,26,33,7,56,0,0,0,0,0,0,0,17,26,0,0,0,0,0,0,0,0,
3100,대진대주차장대기(경유) - 대진대.학생회관,14,홈플러스,17,13,11,33,29,7,51,42,78,56,45,36,27,64,26,31,45,7,7,9,0,0,0,0,
3100,대진대주차장대기(경유) - 대진대.학생회관,15,경기도청북부청사,0,12,18,39,37,14,51,44,73,0,40,36,31,64,28,31,50,16,18,9,0,0,0,0,
3100,대진대주차장대기(경유) - 대진대.학생회관,16,드림밸리아파트.새말역,19,16,24,57,41,21,53,24,76,42,45,38,29,62,30,29,48,18,18,0,0,0,0,0,
3100,대진대주차장대기(경유) - 대진대.학생회관,17,꽃동네입구,21,20,29,65,41,19,36,42,0,45,45,48,27,60,36,29,55,20,13,7,0,0,0,0,
3100,대진대주차장대기(경유) - 대진대.학생회관,18,의정부시외버스터미널,24,27,36,80,65,29,56,44,73,52,36,50,29,60,24,31,62,22,20,7,0,0,0,0,
3100,대진대주차장대기(경유) - 대진대.학생회관,19,신동초.신동아파밀리에아파트앞,31,31,51,91,78,48,42,53,69,62,33,40,29,7,38,0,64,11,9,4,19,0,0,0,
3100,대진대주차장대기(경유) - 대진대.학생회관,20,장암주공5단지앞,40,40,73,104,93,60,49,64,76,62,45,48,36,56,53,33,60,13,24,9,4,0,0,0,
3100,대진대주차장대기(경유) - 대진대.학생회관,21,장암IC(경유),40,40,73,104,93,60,49,64,76,62,45,48,36,56,53,33,60,13,24,9,4,0,0,0,
3100,대진대주차장대기(경유) - 대진대.학생회관,22,장암역삼거리(경유),40,40,73,104,93,60,49,64,76,62,45,48,36,56,53,33,60,13,24,9,4,0,0,0,
3100,대진대주차장대기(경유) - 대진대.학생회관,23,수락산역,38,44,58,51,80,33,38,60,0,71,36,40,27,49,33,29,55,18,13,7,2,0,0,0,
3100,대진대주차장대기(경유) - 대진대.학생회관,24,마들역,33,44,53,60,80,29,36,60,56,69,50,43,33,44,29,26,13,16,11,22,17,0,0,0,
3100,대진대주차장대기(경유) - 대진대.학생회관,25,도봉면허시험장,40,40,42,64,72,22,29,42,44,40,50,40,29,20,24,22,48,18,16,13,10,0,0,0,
3100,대진대주차장대기(경유) - 대진대.학생회관,26,상계주공3단지,40,49,53,64,70,33,29,42,40,38,52,38,14,13,20,21,52,16,16,7,9,0,0,0,
3100,대진대주차장대기(경유) - 대진대.학생회관,27,상계주공1단지,52,51,58,67,61,31,31,40,33,40,52,48,27,20,22,19,13,52,18,9,13,0,0,0,
3100,대진대주차장대기(경유) - 대진대.학생회관,28,하계역,60,55,73,71,57,38,31,38,0,42,55,45,29,22,29,20,17,52,20,13,7,0,0,0,
3100,대진대주차장대기(경유) - 대진대.학생회관,29,공릉역4번출구,54,60,64,78,57,22,27,40,51,40,52,55,36,20,27,21,20,60,29,18,17,0,0,0,
3100,대진대주차장대기(경유) - 대진대.학생회관,30,태릉입구역3번출구,54,64,69,80,48,33,31,38,49,38,50,50,40,22,31,22,22,62,31,18,22,0,0,0,
3100,대진대주차장대기(경유) - 대진대.학생회관,31,석계역,54,62,71,84,52,36,19,40,53,47,57,55,56,29,33,30,18,57,31,18,24,0,0,0,
3100,대진대주차장대기(경유) - 대진대.학생회관,32,중랑교(경유),54,62,71,84,52,36,19,40,53,47,57,55,56,29,33,30,18,57,31,18,24,0,0,0,
3100,대진대주차장대기(경유) - 대진대.학생회관,33,군자교(경유),54,62,71,84,52,36,19,40,53,47,57,55,56,29,33,30,18,57,31,18,24,0,0,0,
3100,대진대주차장대기(경유) - 대진대.학생회관,34,성수대교북단(경유),54,62,71,84,52,36,19,40,53,47,57,55,56,29,33,30,18,57,31,18,24,0,0,0,
3100,대진대주차장대기(경유) - 대진대.학생회관,35,신사역.푸른저축은행(중),43,48,58,69,0,76,46,29,44,0,50,26,51,18,24,27,17,45,20,24,15,2,0,0,
3100,대진대주차장대기(경유) - 대진대.학생회관,36,논현역(중),39,45,56,67,0,69,41,20,40,0,36,20,33,33,20,24,14,43,18,20,11,0,0,0,
3100,대진대주차장대기(경유) - 대진대.학생회관,37,지하철2호선강남역(중),0,40,53,64,36,62,24,9,22,0,22,17,42,13,18,20,13,31,13,13,7,0,0,0,
3100,대진대주차장대기(경유) - 대진대.학생회관,38,신분당선강남역(중),0,26,31,36,24,40,17,4,14,0,9,12,24,7,9,9,11,21,7,10,4,0,0,0,
3100,대진대주차장대기(경유) - 대진대.학생회관,39,래미안아파트.파이낸셜뉴스(중),0,20,18,29,13,29,11,0,10,0,7,7,16,2,2,7,9,14,4,7,2,0,0,0,
3100,대진대주차장대기(경유) - 대진대.학생회관,40,뱅뱅사거리(중),0,12,16,19,0,18,7,2,5,2,4,2,11,0,4,2,7,12,4,4,0,0,0,0,
3100,대진대주차장대기(경유) - 대진대.학생회관,41,양재역.서초문화예술회관(중),0,2,2,2,2,0,4,2,2,2,16,10,4,0,31,16,24,14,10,2,4,4,0,0,
3100,대진대주차장대기(경유) - 대진대.학생회관,42,교육개발원입구(경유),0,2,2,2,2,0,4,2,2,2,16,10,4,0,31,16,24,14,10,2,4,4,0,0,
3100,대진대주차장대기(경유) - 대진대.학생회관,43,양재역.서초문화예술회관(중),0,0,0,5,0,16,4,0,2,0,0,2,14,31,22,22,0,9,24,4,4,0,0,0,
3100,대진대주차장대기(경유) - 대진대.학생회관,44,뱅뱅사거리(중),0,4,5,7,0,18,2,0,7,4,20,12,26,40,52,29,33,21,31,11,7,0,0,0,
3100,대진대주차장대기(경유) - 대진대.학생회관,45,래미안아파트.파이낸셜뉴스(중),0,0,7,10,4,22,9,7,9,0,29,17,29,58,79,51,43,26,43,18,7,0,0,0,
3100,대진대주차장대기(경유) - 대진대.학생회관,46,신분당선강남역(중),0,9,17,14,7,36,10,10,16,16,38,36,36,82,98,62,62,60,71,29,29,7,0,0,
3100,대진대주차장대기(경유) - 대진대.학생회관,47,지하철2호선강남역(중),0,15,26,22,40,0,38,29,36,49,69,57,48,96,105,78,59,95,83,62,36,15,0,0,
3100,대진대주차장대기(경유) - 대진대.학생회관,48,교보타워사거리(경유),0,15,26,22,40,0,38,29,36,49,69,57,48,96,105,78,59,95,83,62,36,15,0,0,
3100,대진대주차장대기(경유) - 대진대.학생회관,49,논현역(중),0,20,17,29,52,0,20,31,27,51,73,69,53,93,69,80,61,98,64,64,47,17,0,0,
3100,대진대주차장대기(경유) - 대진대.학생회관,50,신사역(중),0,22,33,33,62,0,40,24,44,53,22,74,56,98,80,82,63,73,86,67,49,30,0,0,
3100,대진대주차장대기(경유) - 대진대.학생회관,51,한남IC(경유),0,22,33,33,62,0,40,24,44,53,22,74,56,98,80,82,63,73,86,67,49,30,0,0,
3100,대진대주차장대기(경유) - 대진대.학생회관,52,동부간선도로입구(경유),0,22,33,33,62,0,40,24,44,53,22,74,56,98,80,82,63,73,86,67,49,30,0,0,
3100,대진대주차장대기(경유) - 대진대.학생회관,53,군자교(경유),0,22,33,33,62,0,40,24,44,53,22,74,56,98,80,82,63,73,86,67,49,30,0,0,
3100,대진대주차장대기(경유) - 대진대.학생회관,54,중랑교(경유),0,22,33,33,62,0,40,24,44,53,22,74,56,98,80,82,63,73,86,67,49,30,0,0,
3100,대진대주차장대기(경유) - 대진대.학생회관,55,태릉입구역4번출구,0,0,20,36,48,0,40,20,33,44,0,64,58,45,91,105,67,81,79,60,53,36,0,0,
3100,대진대주차장대기(경유) - 대진대.학생회관,56,공릉역1번출구,0,0,22,31,43,0,42,20,24,38,0,53,64,43,82,98,62,83,69,51,51,42,0,0,
3100,대진대주차장대기(경유) - 대진대.학생회관,57,하계역,0,0,24,24,36,0,47,22,19,36,20,36,60,40,69,81,60,62,57,38,40,24,0,0,
3100,대진대주차장대기(경유) - 대진대.학생회관,58,백병원,0,0,28,29,31,13,13,17,22,36,22,33,60,40,64,74,56,60,52,36,36,31,17,0,
3100,대진대주차장대기(경유) - 대진대.학생회관,59,상계주공6단지,0,0,33,31,29,0,38,27,24,33,0,31,53,38,67,74,56,52,48,31,33,31,19,0,
3100,대진대주차장대기(경유) - 대진대.학생회관,60,도봉면허시험장,0,0,43,40,47,16,38,24,26,36,36,36,62,40,73,71,62,52,50,36,38,40,26,0,
3100,대진대주차장대기(경유) - 대진대.학생회관,61,마들역,0,0,61,38,49,18,40,22,5,36,38,31,48,69,96,74,58,48,39,43,33,36,29,0,
3100,대진대주차장대기(경유) - 대진대.학생회관,62,수락산역3번출구,0,0,78,47,60,0,44,22,20,40,51,22,55,87,98,91,62,62,46,48,20,38,24,0,
3100,대진대주차장대기(경유) - 대진대.학생회관,63,장암역삼거리(경유),0,0,78,47,60,0,44,22,20,40,51,22,55,87,98,91,62,62,46,48,20,38,24,0,
3100,대진대주차장대기(경유) - 대진대.학생회관,64,장암IC(경유),0,0,78,47,60,0,44,22,20,40,51,22,55,87,98,91,62,62,46,48,20,38,24,0,
3100,대진대주차장대기(경유) - 대진대.학생회관,65,장암주공5단지.한국.풍림아파트,0,0,85,58,60,24,38,22,27,38,53,24,48,76,62,62,53,40,35,36,24,22,22,0,
3100,대진대주차장대기(경유) - 대진대.학생회관,66,추동아파트,0,0,83,0,60,27,40,15,24,24,51,22,36,47,48,44,38,36,31,26,22,20,15,0,
3100,대진대주차장대기(경유) - 대진대.학생회관,67,의정부시외버스터미널,0,0,76,19,67,31,0,24,14,16,44,18,33,42,43,42,31,27,29,17,13,18,10,0,
3100,대진대주차장대기(경유) - 대진대.학생회관,68,꽃동네입구,0,0,74,38,64,29,0,22,27,22,44,0,31,38,40,38,27,22,18,12,11,0,0,0,
3100,대진대주차장대기(경유) - 대진대.학생회관,69,드림밸리아파트.새말역,0,0,70,17,62,33,0,36,0,18,42,20,15,36,31,22,16,20,13,5,11,2,7,0,
3100,대진대주차장대기(경유) - 대진대.학생회관,70,경기도청북부청사,0,0,0,50,69,36,0,17,19,18,40,16,26,31,10,20,13,13,7,10,7,4,0,0,
3100,대진대주차장대기(경유) - 대진대.학생회관,71,홈플러스,0,0,65,50,73,40,0,22,24,16,42,18,21,33,17,18,16,13,10,8,7,4,4,0,
3100,대진대주차장대기(경유) - 대진대.학생회관,72,경전철효자역,0,0,0,19,76,20,0,11,22,11,44,13,11,31,10,11,13,9,5,2,4,0,2,0,
3100,대진대주차장대기(경유) - 대진대.학생회관,73,의정부성모병원,0,0,59,43,73,44,0,11,13,11,31,11,2,29,0,0,11,0,0,7,4,16,0,0,
3100,대진대주차장대기(경유) - 대진대.학생회관,74,이동교5리.축석검문소,0,0,50,14,71,44,0,33,16,0,20,0,19,24,0,0,0,0,0,0,2,2,0,0,
3100,대진대주차장대기(경유) - 대진대.학생회관,75,이동교4리.대방아파트,0,0,46,13,69,0,0,13,11,7,0,0,11,22,12,13,5,16,2,0,0,9,10,0,
3100,대진대주차장대기(경유) - 대진대.학생회관,76,원일아파트.송우5리,0,0,0,28,67,64,0,15,20,12,40,0,7,14,18,13,9,13,9,6,0,0,13,0,
3100,대진대주차장대기(경유) - 대진대.학생회관,77,송우시장사거리.우리병원,0,0,0,20,42,44,0,36,22,14,18,0,11,7,13,11,7,11,7,1,0,9,11,0,
3100,대진대주차장대기(경유) - 대진대.학생회관,78,송우리터미널,0,0,0,19,62,42,0,31,13,10,38,0,9,0,7,11,4,7,4,0,0,7,9,0,
3100,대진대주차장대기(경유) - 대진대.학생회관,79,주공2단지석향마을,0,0,0,17,60,40,0,16,13,2,17,0,9,2,11,9,4,7,2,2,2,0,2,0,
3100,대진대주차장대기(경유) - 대진대.학생회관,80,설운3통.여단앞,0,0,0,11,40,33,0,0,20,0,36,0,7,0,9,4,2,0,2,0,0,0,2,0,
3100,대진대주차장대기(경유) - 대진대.학생회관,81,대진대,0,0,0,9,14,24,0,24,20,10,7,0,0,0,4,7,0,4,10,0,0,0,0,0,
3100,대진대주차장대기(경유) - 대진대.학생회관,82,대진대.학사마을입구,0,0,0,0,0,62,0,0,9,0,7,0,0,0,0,4,0,2,5,0,0,0,0,0,
3100,대진대주차장대기(경유) - 대진대.학생회관,83,대진대본관앞,0,0,0,0,53,38,0,0,10,0,0,0,0,0,0,2,0,4,0,0,0,0,0,0,
3100,대진대주차장대기(경유) - 대진대.학생회관,84,대진대.학생회관,0,0,0,0,24,0,0,0,0,0,0,0,0,0,0,0,0,0,0,0,0,0,0,0,
,대진대주차장대기(경유) - 대진대.학생회관,0,대진대주차장대기(경유),0,0,0,0,0,0,0,0,0,0,0,0,0,0,0,0,0,0,0,0,0,0,0,0,
,대진대주차장대기(경유) - 대진대.학생회관,1,대진대.학생회관,0,0,0,0,0,0,0,0,0,0,0,0,0,0,0,0,0,0,0,0,0,0,0,0,
,대진대주차장대기(경유) - 대진대.학생회관,2,대진대.여자기숙사,0,0,0,0,0,0,0,0,0,0,0,0,0,0,0,0,0,0,0,0,0,0,0,0,
,대진대주차장대기(경유) - 대진대.학생회관,3,대진대.학사마을입구,0,0,0,0,0,0,0,0,0,0,0,0,0,0,0,0,0,0,0,0,0,0,0,0,
,대진대주차장대기(경유) - 대진대.학생회관,4,선단1통.대진대학교,0,0,0,0,0,0,0,0,0,0,0,0,0,0,0,0,0,0,0,0,2,0,0,0,
,대진대주차장대기(경유) - 대진대.학생회관,5,설운3통.여단앞,0,0,0,0,0,0,0,0,0,0,0,0,0,0,0,0,0,0,0,0,2,0,0,0,
,대진대주차장대기(경유) - 대진대.학생회관,6,주공2단지석향마을,0,0,0,0,0,0,0,0,0,0,0,0,0,0,0,0,0,0,0,0,2,0,0,0,
,대진대주차장대기(경유) - 대진대.학생회관,7,송우리터미널,0,0,0,0,0,0,0,0,0,0,0,0,0,0,0,0,0,0,0,0,2,0,0,0,
,대진대주차장대기(경유) - 대진대.학생회관,8,송우6리시장앞,0,0,0,0,0,0,0,0,0,0,0,0,0,0,0,0,0,0,0,0,7,0,0,0,
,대진대주차장대기(경유) - 대진대.학생회관,9,홈플러스,0,0,0,0,0,0,0,0,0,0,0,0,0,0,0,0,0,0,0,0,7,0,0,0,
,대진대주차장대기(경유) - 대진대.학생회관,10,윗용상골.대방아파트,0,0,0,0,0,0,0,0,0,0,0,0,0,0,0,0,0,0,0,0,4,0,0,0,
,대진대주차장대기(경유) - 대진대.학생회관,11,이동교5리.축석검문소,0,0,0,0,0,0,0,0,0,0,0,0,0,0,0,0,0,0,0,0,4,0,0,0,
,대진대주차장대기(경유) - 대진대.학생회관,12,의정부성모병원,0,0,0,0,0,0,0,0,0,0,0,0,0,0,0,0,0,0,0,0,4,0,0,0,
,대진대주차장대기(경유) - 대진대.학생회관,13,경전철효자역,0,0,0,0,0,0,0,0,0,0,0,0,0,0,0,0,0,0,0,0,4,0,0,0,
,대진대주차장대기(경유) - 대진대.학생회관,14,홈플러스,0,0,0,0,0,0,0,0,0,0,0,0,0,0,0,0,0,0,0,0,9,0,0,0,
,대진대주차장대기(경유) - 대진대.학생회관,15,경기도청북부청사,0,0,0,0,0,0,0,0,0,0,0,0,0,0,0,0,0,0,0,0,9,0,0,0,
,대진대주차장대기(경유) - 대진대.학생회관,16,드림밸리아파트.새말역,0,0,0,0,0,0,0,0,0,0,0,0,0,0,0,0,0,0,0,0,9,0,0,0,
,대진대주차장대기(경유) - 대진대.학생회관,17,꽃동네입구,0,0,0,0,0,0,0,0,0,0,0,0,0,0,0,0,0,0,0,0,11,0,0,0,
,대진대주차장대기(경유) - 대진대.학생회관,18,의정부시외버스터미널,0,0,0,0,0,0,0,0,0,0,0,0,0,0,0,0,0,0,0,0,16,0,0,0,
,대진대주차장대기(경유) - 대진대.학생회관,19,신동초.신동아파밀리에아파트앞,0,0,0,0,0,0,0,0,0,0,0,0,0,0,0,0,0,0,0,0,16,0,0,0,
,대진대주차장대기(경유) - 대진대.학생회관,20,장암주공5단지앞,0,0,0,0,0,0,0,0,0,0,0,0,0,0,0,0,0,0,0,0,9,0,0,0,
,대진대주차장대기(경유) - 대진대.학생회관,21,장암IC(경유),0,0,0,0,0,0,0,0,0,0,0,0,0,0,0,0,0,0,0,0,9,0,0,0,
,대진대주차장대기(경유) - 대진대.학생회관,22,장암역삼거리(경유),0,0,0,0,0,0,0,0,0,0,0,0,0,0,0,0,0,0,0,0,9,0,0,0,
,대진대주차장대기(경유) - 대진대.학생회관,23,수락산역,0,0,0,0,0,0,0,0,0,0,0,0,0,0,0,0,0,0,0,0,11,0,0,0,
,대진대주차장대기(경유) - 대진대.학생회관,24,마들역,0,0,0,0,0,0,0,0,0,0,0,0,0,0,0,0,0,0,0,0,11,0,0,0,
,대진대주차장대기(경유) - 대진대.학생회관,25,도봉면허시험장,0,0,0,0,0,0,0,0,0,0,0,0,0,0,0,0,0,0,0,0,13,0,0,0,
,대진대주차장대기(경유) - 대진대.학생회관,26,상계주공3단지,0,0,0,0,0,0,0,0,0,0,0,0,0,0,0,0,0,0,0,0,13,0,0,0,
,대진대주차장대기(경유) - 대진대.학생회관,27,상계주공1단지,0,0,0,0,0,0,0,0,0,0,0,0,0,0,0,0,0,0,0,0,13,0,0,0,
,대진대주차장대기(경유) - 대진대.학생회관,28,하계역,0,0,0,0,0,0,0,0,0,0,0,0,0,0,0,0,0,0,0,0,7,16,0,0,
,대진대주차장대기(경유) - 대진대.학생회관,29,공릉역4번출구,0,0,0,0,0,0,0,0,0,0,0,0,0,0,0,0,0,0,0,0,4,0,0,0,
,대진대주차장대기(경유) - 대진대.학생회관,30,태릉입구역3번출구,0,0,0,0,0,0,0,0,0,0,0,0,0,0,0,0,0,0,0,0,7,13,0,0,
,대진대주차장대기(경유) - 대진대.학생회관,31,석계역,0,0,0,0,0,0,0,0,0,0,0,0,0,0,0,0,0,0,0,0,9,11,0,0,
,대진대주차장대기(경유) - 대진대.학생회관,32,중랑교(경유),0,0,0,0,0,0,0,0,0,0,0,0,0,0,0,0,0,0,0,0,9,11,0,0,
,대진대주차장대기(경유) - 대진대.학생회관,33,군자교(경유),0,0,0,0,0,0,0,0,0,0,0,0,0,0,0,0,0,0,0,0,9,11,0,0,
,대진대주차장대기(경유) - 대진대.학생회관,34,성수대교북단(경유),0,0,0,0,0,0,0,0,0,0,0,0,0,0,0,0,0,0,0,0,9,11,0,0,
,대진대주차장대기(경유) - 대진대.학생회관,35,신사역.푸른저축은행(중),0,0,0,0,0,0,0,0,0,0,0,0,0,0,0,0,0,0,0,0,0,2,0,0,
,대진대주차장대기(경유) - 대진대.학생회관,36,논현역(중),0,0,0,0,0,0,0,0,0,0,0,0,0,0,0,0,0,0,0,0,0,7,0,0,
,대진대주차장대기(경유) - 대진대.학생회관,37,지하철2호선강남역(중),0,0,0,0,0,0,0,0,0,0,0,0,0,0,0,0,0,0,0,0,0,4,0,0,
,대진대주차장대기(경유) - 대진대.학생회관,38,신분당선강남역(중),0,0,0,0,0,0,0,0,0,0,0,0,0,0,0,0,0,0,0,0,0,2,0,0,
,대진대주차장대기(경유) - 대진대.학생회관,39,래미안아파트.파이낸셜뉴스(중),0,0,0,0,0,0,0,0,0,0,0,0,0,0,0,0,0,0,0,0,0,2,0,0,
,대진대주차장대기(경유) - 대진대.학생회관,40,뱅뱅사거리(중),0,0,0,0,0,0,0,0,0,0,0,0,0,0,0,0,0,0,0,0,0,0,0,0,
,대진대주차장대기(경유) - 대진대.학생회관,41,양재역.서초문화예술회관(중),0,0,0,0,0,0,0,0,0,0,0,0,0,0,0,0,0,0,0,0,0,4,0,0,
,대진대주차장대기(경유) - 대진대.학생회관,42,교육개발원입구(경유),0,0,0,0,0,0,0,0,0,0,0,0,0,0,0,0,0,0,0,0,0,4,0,0,
,대진대주차장대기(경유) - 대진대.학생회관,43,양재역.서초문화예술회관(중),0,0,0,0,0,0,0,0,0,0,0,0,0,0,0,0,0,0,0,0,0,4,0,0,
,대진대주차장대기(경유) - 대진대.학생회관,44,뱅뱅사거리(중),0,0,0,0,0,0,0,0,0,0,0,0,0,0,0,0,0,0,0,0,0,2,7,0,
,대진대주차장대기(경유) - 대진대.학생회관,45,래미안아파트.파이낸셜뉴스(중),0,0,0,0,0,0,0,0,0,0,0,0,0,0,0,0,0,0,0,0,0,2,7,0,
,대진대주차장대기(경유) - 대진대.학생회관,46,신분당선강남역(중),0,0,0,0,0,0,0,0,0,0,0,0,0,0,0,0,0,0,0,0,0,2,9,0,
,대진대주차장대기(경유) - 대진대.학생회관,47,지하철2호선강남역(중),0,0,0,0,0,0,0,0,0,0,0,0,0,0,0,0,0,0,0,0,0,9,20,0,
,대진대주차장대기(경유) - 대진대.학생회관,48,논현역(중),0,0,0,0,0,0,0,0,0,0,0,0,0,0,0,0,0,0,0,0,0,18,22,0,
,대진대주차장대기(경유) - 대진대.학생회관,49,신사역(중),0,0,0,0,0,0,0,0,0,0,0,0,0,0,0,0,0,0,0,0,0,24,31,0,
,대진대주차장대기(경유) - 대진대.학생회관,50,한남IC(경유),0,0,0,0,0,0,0,0,0,0,0,0,0,0,0,0,0,0,0,0,0,24,31,0,
,대진대주차장대기(경유) - 대진대.학생회관,51,동부간선도로입구(경유),0,0,0,0,0,0,0,0,0,0,0,0,0,0,0,0,0,0,0,0,0,24,31,0,
,대진대주차장대기(경유) - 대진대.학생회관,52,군자교(경유),0,0,0,0,0,0,0,0,0,0,0,0,0,0,0,0,0,0,0,0,0,24,31,0,
,대진대주차장대기(경유) - 대진대.학생회관,53,중랑교(경유),0,0,0,0,0,0,0,0,0,0,0,0,0,0,0,0,0,0,0,0,0,24,31,0,
,대진대주차장대기(경유) - 대진대.학생회관,54,태릉입구역4번출구,0,0,0,0,0,0,0,0,0,0,0,0,0,0,0,0,0,0,0,0,0,0,27,0,
,대진대주차장대기(경유) - 대진대.학생회관,55,공릉역1번출구,0,0,0,0,0,0,0,0,0,0,0,0,0,0,0,0,0,0,0,0,0,0,24,0,
,대진대주차장대기(경유) - 대진대.학생회관,56,하계역,0,0,0,0,0,0,0,0,0,0,0,0,0,0,0,0,0,0,0,0,0,0,22,0,
,대진대주차장대기(경유) - 대진대.학생회관,57,백병원,0,0,0,0,0,0,0,0,0,0,0,0,0,0,0,0,0,0,0,0,0,0,20,0,
,대진대주차장대기(경유) - 대진대.학생회관,58,상계주공6단지,0,0,0,0,0,0,0,0,0,0,0,0,0,0,0,0,0,0,0,0,0,0,24,0,
,대진대주차장대기(경유) - 대진대.학생회관,59,도봉면허시험장,0,0,0,0,0,0,0,0,0,0,0,0,0,0,0,0,0,0,0,0,0,0,38,0,
,대진대주차장대기(경유) - 대진대.학생회관,60,마들역,0,0,0,0,0,0,0,0,0,0,0,0,0,0,0,0,0,0,0,0,0,0,33,0,
,대진대주차장대기(경유) - 대진대.학생회관,61,수락산역3번출구,0,0,0,0,0,0,0,0,0,0,0,0,0,0,0,0,0,0,0,0,0,0,31,0,
,대진대주차장대기(경유) - 대진대.학생회관,62,장암역삼거리(경유),0,0,0,0,0,0,0,0,0,0,0,0,0,0,0,0,0,0,0,0,0,0,31,0,
,대진대주차장대기(경유) - 대진대.학생회관,63,장암IC(경유),0,0,0,0,0,0,0,0,0,0,0,0,0,0,0,0,0,0,0,0,0,0,31,0,
,대진대주차장대기(경유) - 대진대.학생회관,64,장암주공5단지.한국.풍림아파트,0,0,0,0,0,0,0,0,0,0,0,0,0,0,0,0,0,0,0,0,0,0,24,0,
,대진대주차장대기(경유) - 대진대.학생회관,65,추동아파트,0,0,0,0,0,0,0,0,0,0,0,0,0,0,0,0,0,0,0,0,0,0,18,0,
,대진대주차장대기(경유) - 대진대.학생회관,66,의정부시외버스터미널,0,0,0,0,0,0,0,0,0,0,0,0,0,0,0,0,0,0,0,0,0,0,20,0,
,대진대주차장대기(경유) - 대진대.학생회관,67,꽃동네입구,0,0,0,0,0,0,0,0,0,0,0,0,0,0,0,0,0,0,0,0,0,0,16,0,
,대진대주차장대기(경유) - 대진대.학생회관,68,드림밸리아파트.새말역,0,0,0,0,0,0,0,0,0,0,0,0,0,0,0,0,0,0,0,0,0,0,13,0,
,대진대주차장대기(경유) - 대진대.학생회관,69,경기도청북부청사,0,0,0,0,0,0,0,0,0,0,0,0,0,0,0,0,0,0,0,0,0,0,11,0,
,대진대주차장대기(경유) - 대진대.학생회관,70,홈플러스,0,0,0,0,0,0,0,0,0,0,0,0,0,0,0,0,0,0,0,0,0,0,11,0,
,대진대주차장대기(경유) - 대진대.학생회관,71,경전철효자역,0,0,0,0,0,0,0,0,0,0,0,0,0,0,0,0,0,0,0,0,0,0,11,0,
,대진대주차장대기(경유) - 대진대.학생회관,72,의정부성모병원,0,0,0,0,0,0,0,0,0,0,0,0,0,0,0,0,0,0,0,0,0,0,9,0,
,대진대주차장대기(경유) - 대진대.학생회관,73,이동교5리.축석검문소,0,0,0,0,0,0,0,0,0,0,0,0,0,0,0,0,0,0,0,0,0,0,9,0,
,대진대주차장대기(경유) - 대진대.학생회관,74,이동교4리.대방아파트,0,0,0,0,0,0,0,0,0,0,0,0,0,0,0,0,0,0,0,0,0,0,9,0,
,대진대주차장대기(경유) - 대진대.학생회관,75,원일아파트.송우5리,0,0,0,0,0,0,0,0,0,0,0,0,0,0,0,0,0,0,0,0,0,0,0,7,
,대진대주차장대기(경유) - 대진대.학생회관,76,송우시장사거리.우리병원,0,0,0,0,0,0,0,0,0,0,0,0,0,0,0,0,0,0,0,0,0,0,0,9,
,대진대주차장대기(경유) - 대진대.학생회관,77,송우리터미널,0,0,0,0,0,0,0,0,0,0,0,0,0,0,0,0,0,0,0,0,0,0,0,4,
,대진대주차장대기(경유) - 대진대.학생회관,78,주공2단지석향마을,0,0,0,0,0,0,0,0,0,0,0,0,0,0,0,0,0,0,0,0,0,0,0,4,
,대진대주차장대기(경유) - 대진대.학생회관,79,설운3통.여단앞,0,0,0,0,0,0,0,0,0,0,0,0,0,0,0,0,0,0,0,0,0,0,0,0,
,대진대주차장대기(경유) - 대진대.학생회관,80,대진대,0,0,0,0,0,0,0,0,0,0,0,0,0,0,0,0,0,0,0,0,0,0,0,4,
,대진대주차장대기(경유) - 대진대.학생회관,81,대진대.학사마을입구,0,0,0,0,0,0,0,0,0,0,0,0,0,0,0,0,0,0,0,0,0,0,0,4,
,대진대주차장대기(경유) - 대진대.학생회관,82,대진대본관앞,0,0,0,0,0,0,0,0,0,0,0,0,0,0,0,0,0,0,0,0,0,0,0,4,
,대진대주차장대기(경유) - 대진대.학생회관,83,대진대.학생회관,0,0,0,0,0,0,0,0,0,0,0,0,0,0,0,0,0,0,0,0,0,0,0,0,
3201,광주터미널 - 광주터미널,0,광주터미널,0,4,0,0,0,0,0,0,2,0,2,0,2,2,0,9,0,0,0,0,0,0,0,0,
3201,광주터미널 - 광주터미널,1,역동사거리,0,4,2,4,2,7,4,4,0,7,4,7,7,11,9,0,2,4,0,0,0,0,0,0,
3201,광주터미널 - 광주터미널,2,경기광주역입구,0,0,0,7,0,0,0,0,0,0,0,0,7,0,18,11,0,9,0,0,0,0,0,0,
3201,광주터미널 - 광주터미널,3,경안중.ICT폴리텍대학,0,0,4,0,4,0,2,2,0,0,0,9,0,11,0,0,0,0,0,0,0,0,0,0,
3201,광주터미널 - 광주터미널,4,고산IC(경유),0,0,4,0,4,0,2,2,0,0,0,9,0,11,0,0,0,0,0,0,0,0,0,0,
3201,광주터미널 - 광주터미널,5,우림아파트,0,0,4,7,9,0,4,4,0,0,7,4,0,11,0,0,0,0,0,0,0,0,0,0,
3201,광주터미널 - 광주터미널,6,고산하늘초교.더샵센트리체,0,4,9,13,7,0,13,9,0,0,13,7,0,13,16,0,0,4,0,0,0,0,0,0,
3201,광주터미널 - 광주터미널,7,더샵센트럴포레,0,7,20,22,15,4,18,0,4,4,0,0,7,11,4,7,0,2,0,0,0,0,0,0,
3201,광주터미널 - 광주터미널,8,태전힐스테이트7지구,0,11,36,44,30,18,22,9,7,11,16,2,9,9,0,4,0,4,0,0,0,0,0,0,
3201,광주터미널 - 광주터미널,9,한아람초등학교.태전이편한세상1차,0,18,49,51,33,22,27,11,0,9,18,7,4,9,0,2,0,9,0,0,0,0,0,0,
3201,광주터미널 - 광주터미널,10,태전힐스테이트5지구,0,24,67,69,50,24,38,13,13,9,9,0,9,9,7,0,0,4,0,0,0,0,0,0,
3201,광주터미널 - 광주터미널,11,태전이편한세상2차정문,0,16,83,76,61,27,47,20,20,17,16,7,11,11,9,4,0,0,0,0,0,0,0,0,
3201,광주터미널 - 광주터미널,12,태전효성해링턴플레이스,0,47,89,91,87,33,51,33,36,26,16,20,24,17,11,0,0,7,0,0,0,0,0,0,
3201,광주터미널 - 광주터미널,13,뗏골마을앞,0,53,89,91,96,61,56,0,38,30,0,20,0,0,9,2,2,7,0,0,0,0,0,0,
3201,광주터미널 - 광주터미널,14,직동삼거리.광남화물,0,0,0,0,76,0,0,30,0,0,0,0,27,22,0,0,0,0,0,0,0,0,0,0,
3201,광주터미널 - 광주터미널,15,광주직동IC(경유),0,0,0,0,76,0,0,30,0,0,0,0,27,22,0,0,0,0,0,0,0,0,0,0,
3201,광주터미널 - 광주터미널,16,섬말IC(경유),0,0,0,0,76,0,0,30,0,0,0,0,27,22,0,0,0,0,0,0,0,0,0,0,
3201,광주터미널 - 광주터미널,17,성남대원IC(경유),0,0,0,0,76,0,0,30,0,0,0,0,27,22,0,0,0,0,0,0,0,0,0,0,
3201,광주터미널 - 광주터미널,18,여수대로IC(경유),0,0,0,0,76,0,0,30,0,0,0,0,27,22,0,0,0,0,0,0,0,0,0,0,
3201,광주터미널 - 광주터미널,19,내곡터널진입(경유),0,0,0,0,76,0,0,30,0,0,0,0,27,22,0,0,0,0,0,0,0,0,0,0,
3201,광주터미널 - 광주터미널,20,내곡IC(경유),0,0,0,0,76,0,0,30,0,0,0,0,27,22,0,0,0,0,0,0,0,0,0,0,
3201,광주터미널 - 광주터미널,21,염곡IC(경유),0,0,0,0,76,0,0,30,0,0,0,0,27,22,0,0,0,0,0,0,0,0,0,0,
3201,광주터미널 - 광주터미널,22,교육개발원입구(경유),0,0,0,0,76,0,0,30,0,0,0,0,27,22,0,0,0,0,0,0,0,0,0,0,
3201,광주터미널 - 광주터미널,23,양재역.서초문화예술회관(중),0,29,69,56,44,41,18,33,16,11,7,13,13,16,13,4,0,4,4,0,0,0,0,0,
3201,광주터미널 - 광주터미널,24,양재역사거리(경유),0,29,69,56,44,41,18,33,16,11,7,13,13,16,13,4,0,4,4,0,0,0,0,0,
3201,광주터미널 - 광주터미널,25,캠코양재타워(경유),0,29,69,56,44,41,18,33,16,11,7,13,13,16,13,4,0,4,4,0,0,0,0,0,
3201,광주터미널 - 광주터미널,26,뱅뱅사거리(경유),0,29,69,56,44,41,18,33,16,11,7,13,13,16,13,4,0,4,4,0,0,0,0,0,
3201,광주터미널 - 광주터미널,27,교보타워사거리(경유),0,29,69,56,44,41,18,33,16,11,7,13,13,16,13,4,0,4,4,0,0,0,0,0,
3201,광주터미널 - 광주터미널,28,한남IC(경유),0,29,69,56,44,41,18,33,16,11,7,13,13,16,13,4,0,4,4,0,0,0,0,0,
3201,광주터미널 - 광주터미널,29,순천향대학병원,0,0,29,62,53,35,20,22,11,9,4,7,11,7,13,4,0,0,4,0,0,0,0,0,
3201,광주터미널 - 광주터미널,30,한남1고가차도(경유),0,0,29,62,53,35,20,22,11,9,4,7,11,7,13,4,0,0,4,0,0,0,0,0,
3201,광주터미널 - 광주터미널,31,남산1호터널TG(경유),0,0,29,62,53,35,20,22,11,9,4,7,11,7,13,4,0,0,4,0,0,0,0,0,
3201,광주터미널 - 광주터미널,32,서울백병원.국가인권위.안중근활동터(중),0,0,24,51,48,30,17,18,7,0,9,0,9,13,0,0,0,0,0,0,0,0,0,0,
3201,광주터미널 - 광주터미널,33,을지로2가.기업은행본점.서울노동청,0,0,18,40,29,24,15,16,0,7,0,0,4,4,0,2,0,0,2,0,0,0,0,0,
3201,광주터미널 - 광주터미널,34,서울시청,0,0,11,22,30,13,9,4,4,0,4,0,2,7,7,13,2,2,0,0,0,0,0,0,
3201,광주터미널 - 광주터미널,35,시청교차로(경유),0,0,11,22,30,13,9,4,4,0,4,2,2,7,7,13,2,2,0,0,0,0,0,0,
3201,광주터미널 - 광주터미널,36,신한은행본점,0,0,2,16,17,9,4,2,0,4,9,4,11,13,17,9,7,7,4,0,0,0,0,0,
3201,광주터미널 - 광주터미널,37,서울역버스환승센터(5번승강장)(중),0,0,9,9,2,7,2,4,0,9,11,2,13,18,46,20,16,11,7,0,0,0,0,0,
3201,광주터미널 - 광주터미널,38,서울역교차로(경유),0,0,9,9,2,7,2,4,0,9,11,2,13,18,46,20,16,11,7,0,0,0,0,0,
3201,광주터미널 - 광주터미널,39,숭례문교차로(경유),0,0,9,9,2,7,2,4,0,9,11,2,13,18,46,20,16,11,7,0,0,0,0,0,
3201,광주터미널 - 광주터미널,40,남대문로3가(경유),0,0,9,9,2,7,2,4,0,9,11,2,13,18,46,20,16,11,7,0,0,0,0,0,
3201,광주터미널 - 광주터미널,41,명동입구,0,0,0,0,4,2,13,2,2,13,17,20,20,27,74,39,22,24,16,11,0,0,0,0,
3201,광주터미널 - 광주터미널,42,남대문세무서.서울백병원(중),0,0,13,11,0,7,0,7,7,18,4,29,11,29,85,59,29,29,24,17,0,0,0,0,
3201,광주터미널 - 광주터미널,43,남산1호터널TG(경유),0,0,13,11,0,7,0,7,7,18,4,29,27,36,85,59,29,29,24,17,0,0,0,0,
3201,광주터미널 - 광주터미널,44,한남1고가차도진입(경유),0,0,13,11,0,7,0,7,7,18,4,29,27,36,85,59,29,29,24,17,0,0,0,0,
3201,광주터미널 - 광주터미널,45,순천향대학병원,0,0,13,9,2,16,7,4,13,20,22,13,31,0,42,93,31,31,31,24,0,0,0,0,
3201,광주터미널 - 광주터미널,46,한남IC(경유),0,0,13,9,2,16,7,4,13,20,22,13,31,0,42,93,31,31,31,24,0,0,0,0,
3201,광주터미널 - 광주터미널,47,반포IC(경유),0,0,13,9,2,16,7,4,13,20,22,13,31,0,42,93,31,31,31,24,0,0,0,0,
3201,광주터미널 - 광주터미널,48,서초IC양재역방면(경유),0,0,13,9,2,16,7,4,13,20,22,13,31,0,42,93,31,31,31,24,0,0,0,0,
3201,광주터미널 - 광주터미널,49,양재역엘타워빌딩,0,0,0,16,7,4,2,9,16,22,17,24,51,49,73,96,89,49,60,33,0,0,0,0,
3201,광주터미널 - 광주터미널,50,교육개발원입구교차로(경유),0,0,0,16,7,4,2,9,18,22,17,24,51,49,73,96,89,49,60,33,0,0,0,0,
3201,광주터미널 - 광주터미널,51,염곡IC(경유),0,0,0,16,7,4,2,9,18,22,17,24,51,49,73,96,89,49,60,33,0,0,0,0,
3201,광주터미널 - 광주터미널,52,내곡터널진입(경유),0,0,0,16,7,4,2,9,18,22,17,24,51,49,73,96,89,49,60,33,0,0,0,0,
3201,광주터미널 - 광주터미널,53,고등IC(경유),0,0,0,16,7,4,2,9,18,22,17,24,51,49,73,96,89,49,60,33,0,0,0,0,
3201,광주터미널 - 광주터미널,54,여수대로IC(경유),0,0,0,16,7,4,2,9,18,22,17,24,51,49,73,96,89,49,60,33,0,0,0,0,
3201,광주터미널 - 광주터미널,55,성남대원IC(경유),0,0,0,16,7,4,2,9,18,22,17,24,51,49,73,96,89,49,60,33,0,0,0,0,
3201,광주터미널 - 광주터미널,56,섬말IC(경유),0,0,0,16,7,4,2,9,18,22,17,24,51,49,73,96,89,49,60,33,0,0,0,0,
3201,광주터미널 - 광주터미널,57,광주직동IC(경유),0,0,0,16,7,4,2,9,18,22,17,24,51,49,73,96,89,49,60,33,0,0,0,0,
3201,광주터미널 - 광주터미널,58,직동삼거리.광남화물,0,0,0,13,4,0,0,0,11,0,0,20,0,0,0,56,0,47,0,0,0,0,0,0,
3201,광주터미널 - 광주터미널,59,뗏골마을앞,0,0,0,7,7,0,2,9,9,9,20,17,49,15,49,91,80,49,40,28,0,0,0,0,
3201,광주터미널 - 광주터미널,60,태전효성해링턴플레이스,0,0,0,9,4,2,0,4,9,7,16,15,38,29,62,52,59,33,42,22,0,0,0,0,
3201,광주터미널 - 광주터미널,61,태전이편한세상2차정문,0,0,0,11,0,4,0,0,2,0,11,13,24,18,47,41,43,29,31,17,0,0,0,0,
3201,광주터미널 - 광주터미널,62,태전힐스테이트5지구,0,0,0,13,11,0,0,7,9,9,2,11,18,18,27,24,28,24,24,22,0,0,0,0,
3201,광주터미널 - 광주터미널,63,한아람초등학교,0,0,0,13,0,0,0,4,9,4,7,9,2,9,20,15,26,9,22,20,0,0,0,0,
3201,광주터미널 - 광주터미널,64,태전힐스테이트7지구,0,0,0,16,16,0,4,2,13,0,2,7,13,7,11,7,20,2,16,9,0,0,0,0,
3201,광주터미널 - 광주터미널,65,더샵센트럴포레,0,0,0,18,27,0,0,0,0,7,0,0,7,9,9,4,15,0,13,7,0,0,0,0,
3201,광주터미널 - 광주터미널,66,고산하늘초교.더샵센트리체,0,0,0,22,27,7,0,4,11,0,0,9,0,11,7,0,13,0,4,0,0,0,0,0,
3201,광주터미널 - 광주터미널,67,오포농협,0,0,0,0,24,0,0,0,2,0,0,0,0,11,0,0,11,0,0,4,0,0,0,0,
3201,광주터미널 - 광주터미널,68,오포119안전센터,0,0,0,24,16,0,0,0,0,0,0,0,0,16,4,4,9,0,0,0,0,0,0,0,
3201,광주터미널 - 광주터미널,69,경안중.ICT폴리텍대학,0,0,0,0,20,4,2,0,0,0,0,7,2,13,4,0,2,0,0,2,0,0,0,0,
3201,광주터미널 - 광주터미널,70,경기광주역입구,0,0,0,22,18,0,0,0,0,7,0,0,0,4,11,2,0,0,11,0,2,0,0,0,
3201,광주터미널 - 광주터미널,71,역동사거리,0,0,0,18,16,0,0,0,7,4,0,2,0,0,2,0,0,0,4,0,0,0,0,0,
3201,광주터미널 - 광주터미널,72,광주터미널,0,0,0,0,0,0,0,0,0,0,0,0,0,0,0,0,0,0,0,0,0,0,0,0,
3600,차고지대기(경유) - 설운3통.여단앞,0,차고지대기(경유),0,0,0,0,0,0,0,0,0,0,0,0,0,0,0,0,0,0,0,0,0,0,0,0,
3600,차고지대기(경유) - 설운3통.여단앞,1,설운3통.여단앞,0,0,2,2,3,0,0,0,0,0,2,0,0,2,2,0,0,0,0,0,0,0,0,0,
3600,차고지대기(경유) - 설운3통.여단앞,2,하송우리,0,0,0,7,0,0,0,0,0,0,4,0,0,0,0,0,0,0,0,0,0,0,0,0,
3600,차고지대기(경유) - 설운3통.여단앞,3,송우리터미널,0,2,0,5,0,2,2,0,7,2,0,2,0,5,14,0,0,0,0,0,0,0,0,0,
3600,차고지대기(경유) - 설운3통.여단앞,4,송우6리시장앞,0,5,5,11,0,4,5,2,2,0,7,7,10,4,21,0,0,0,2,5,5,0,0,0,
3600,차고지대기(경유) - 설운3통.여단앞,5,홈플러스,0,0,0,16,0,0,0,5,12,0,11,10,12,12,24,0,0,0,2,0,7,0,0,0,
3600,차고지대기(경유) - 설운3통.여단앞,6,소흘읍사무소앞,0,0,0,13,6,5,5,0,7,0,0,0,0,0,26,0,0,0,0,0,0,0,0,0,
3600,차고지대기(경유) - 설운3통.여단앞,7,이동교2리.포천공구단지,0,0,0,0,0,2,0,0,0,0,0,12,14,14,36,2,2,0,0,7,0,0,0,0,
3600,차고지대기(경유) - 설운3통.여단앞,8,이동교3리.무봉리,0,0,0,0,9,0,0,0,0,3,0,0,0,0,40,2,2,0,0,0,0,0,0,0,
3600,차고지대기(경유) - 설운3통.여단앞,9,이동교3리.축석초교,0,7,0,0,0,0,0,0,5,0,13,0,0,11,43,0,0,0,0,0,0,0,0,0,
3600,차고지대기(경유) - 설운3통.여단앞,10,축석고개,0,10,0,0,11,0,0,0,0,6,0,10,0,13,0,0,0,0,0,0,0,0,0,0,
3600,차고지대기(경유) - 설운3통.여단앞,11,귀락마을(경유),0,10,0,0,11,0,0,0,0,6,0,10,0,13,0,0,0,0,0,0,0,0,0,0,
3600,차고지대기(경유) - 설운3통.여단앞,12,양지마을후문입구,0,5,0,0,0,5,7,0,7,4,11,7,12,0,26,7,0,0,0,10,0,0,0,0,
3600,차고지대기(경유) - 설운3통.여단앞,13,송양초등학교.송산3동행정복지센터,0,0,0,7,11,0,0,0,0,0,16,0,0,0,24,0,0,0,0,14,0,0,0,0,
3600,차고지대기(경유) - 설운3통.여단앞,14,양지마을8단지.민락푸르지오아파트,0,2,2,9,0,0,7,2,7,0,0,7,10,0,24,0,0,0,2,21,10,0,0,0,
3600,차고지대기(경유) - 설운3통.여단앞,15,송양고등학교,0,0,0,2,14,0,0,0,5,2,9,0,0,0,21,0,0,2,0,0,0,0,0,0,
3600,차고지대기(경유) - 설운3통.여단앞,16,송양중학교.반도유보라아이비파크,2,0,0,0,11,0,0,0,7,0,0,10,0,12,0,0,0,2,4,0,0,0,0,0,
3600,차고지대기(경유) - 설운3통.여단앞,17,부용마을아파트정문,4,12,2,5,23,0,0,10,7,4,11,0,12,0,19,7,0,5,7,7,7,0,0,0,
3600,차고지대기(경유) - 설운3통.여단앞,18,송산초교.상가단지,7,12,7,7,18,7,2,0,7,4,13,10,10,17,14,5,0,0,7,19,10,0,0,0,
3600,차고지대기(경유) - 설운3통.여단앞,19,산들마을2단지,11,0,10,10,24,0,13,7,12,7,13,17,12,19,17,14,11,4,14,24,12,0,0,0,
3600,차고지대기(경유) - 설운3통.여단앞,20,곤재역(경유),11,0,10,10,24,0,13,7,12,7,13,17,12,19,17,14,11,4,14,24,12,0,0,0,
3600,차고지대기(경유) - 설운3통.여단앞,21,자일교(경유),11,0,10,10,24,0,13,7,12,7,13,17,12,19,17,14,11,4,14,24,12,0,0,0,
3600,차고지대기(경유) - 설운3통.여단앞,22,경전철효자역,13,10,17,14,40,10,18,2,14,0,9,19,0,0,11,0,9,0,10,19,12,0,0,0,
3600,차고지대기(경유) - 설운3통.여단앞,23,의정부시외버스터미널,0,0,31,29,0,26,22,0,19,0,12,0,0,0,14,19,0,0,14,21,7,0,0,0,
3600,차고지대기(경유) - 설운3통.여단앞,24,신동초.신동아파밀리에아파트앞,0,19,43,62,0,26,27,0,0,4,11,2,0,14,0,24,5,0,0,0,10,0,0,0,
3600,차고지대기(경유) - 설운3통.여단앞,25,장암주공5단지앞,0,33,50,81,49,36,31,17,31,14,19,16,7,12,20,21,10,0,19,21,12,0,0,0,
3600,차고지대기(경유) - 설운3통.여단앞,26,장암주공2단지.장암우성아파트,0,38,29,90,56,43,33,10,0,17,24,0,21,12,0,0,0,0,0,0,0,0,0,0,
3600,차고지대기(경유) - 설운3통.여단앞,27,장암IC(경유),0,38,29,90,56,43,33,10,0,17,24,0,21,12,0,0,0,0,0,0,0,0,0,0,
3600,차고지대기(경유) - 설운3통.여단앞,28,장암역삼거리(경유),0,38,29,90,56,43,33,10,0,17,24,0,21,12,0,0,0,0,0,0,0,0,0,0,
3600,차고지대기(경유) - 설운3통.여단앞,29,수락산역,0,36,45,64,47,37,21,17,0,29,19,16,17,0,22,24,9,2,19,19,12,0,0,0,
3600,차고지대기(경유) - 설운3통.여단앞,30,마들역,0,24,50,67,42,34,31,0,12,0,11,21,14,0,20,5,0,0,17,7,0,0,0,0,
3600,차고지대기(경유) - 설운3통.여단앞,31,도봉면허시험장,0,29,50,52,33,31,22,19,0,26,11,17,7,0,20,26,10,5,17,21,10,0,0,0,
3600,차고지대기(경유) - 설운3통.여단앞,32,상계주공3단지,0,29,52,0,31,34,20,21,0,9,2,18,0,10,0,26,12,4,12,21,7,0,0,0,
3600,차고지대기(경유) - 설운3통.여단앞,33,상계주공1단지,0,31,40,52,33,17,14,24,0,7,11,0,10,14,0,13,0,10,0,4,0,0,0,0,
3600,차고지대기(경유) - 설운3통.여단앞,34,노원구민의전당,0,33,43,60,38,29,20,0,0,0,0,17,0,0,0,24,9,0,10,0,0,2,0,0,
3600,차고지대기(경유) - 설운3통.여단앞,35,하계역,0,40,45,57,33,31,0,21,17,24,9,14,0,12,5,21,0,7,10,7,17,0,0,0,
3600,차고지대기(경유) - 설운3통.여단앞,36,공릉역4번출구,0,0,52,62,36,24,22,0,17,31,0,0,0,12,7,26,21,21,0,10,14,10,0,0,
3600,차고지대기(경유) - 설운3통.여단앞,37,태릉입구역3번출구,0,42,55,60,36,24,19,20,0,33,0,0,0,10,0,31,24,12,12,14,2,12,0,0,
3600,차고지대기(경유) - 설운3통.여단앞,38,석계역,0,49,62,64,38,36,24,24,0,45,0,17,7,26,17,18,29,24,14,17,10,0,0,0,
3600,차고지대기(경유) - 설운3통.여단앞,39,중랑교(경유),0,49,62,64,38,36,24,24,0,45,0,17,7,26,17,18,29,24,14,17,10,0,0,0,
3600,차고지대기(경유) - 설운3통.여단앞,40,군자교(경유),0,49,62,64,38,36,24,24,0,45,0,17,7,26,17,18,29,24,14,17,10,0,0,0,
3600,차고지대기(경유) - 설운3통.여단앞,41,성수대교북단(경유),0,49,62,64,38,36,24,24,0,45,0,17,7,26,17,18,29,24,14,17,10,0,0,0,
3600,차고지대기(경유) - 설운3통.여단앞,42,신구중학교,0,0,44,60,0,60,29,26,10,33,4,14,13,17,14,29,29,19,14,14,10,21,0,0,
3600,차고지대기(경유) - 설운3통.여단앞,43,서울세관,0,0,33,57,0,57,27,21,0,29,10,14,16,12,21,14,29,11,19,10,12,24,0,0,
3600,차고지대기(경유) - 설운3통.여단앞,44,펜트힐루논현.임피리얼팰리스호텔,0,0,0,52,0,45,21,10,0,26,7,20,0,0,12,0,33,0,14,0,5,0,0,0,
3600,차고지대기(경유) - 설운3통.여단앞,45,논현아이파크,0,0,31,45,0,50,22,18,0,26,0,7,0,12,12,17,0,16,21,12,14,0,0,0,
3600,차고지대기(경유) - 설운3통.여단앞,46,차병원,0,0,20,33,21,45,18,18,14,26,11,14,16,19,19,33,29,20,19,17,12,29,0,0,
3600,차고지대기(경유) - 설운3통.여단앞,47,역삼역4번출구,0,0,4,21,12,26,11,11,12,0,29,14,31,31,43,48,48,43,33,33,14,29,0,0,
3600,차고지대기(경유) - 설운3통.여단앞,48,강남역12번출구A,0,0,0,10,5,7,11,9,10,0,24,20,36,36,55,57,57,51,55,36,14,19,0,0,
3600,차고지대기(경유) - 설운3통.여단앞,49,지하철2호선강남역(중),0,0,2,17,7,38,26,7,17,0,45,17,42,55,67,71,74,81,64,43,24,29,0,0,
3600,차고지대기(경유) - 설운3통.여단앞,50,논현역(중),0,0,0,0,0,33,43,7,0,0,48,0,47,62,69,74,0,79,67,48,26,31,0,0,
3600,차고지대기(경유) - 설운3통.여단앞,51,신사역(중),0,0,0,0,5,0,45,7,17,0,52,23,49,71,71,83,79,86,74,60,31,43,0,0,
3600,차고지대기(경유) - 설운3통.여단앞,52,한남IC(경유),0,0,0,0,5,0,45,7,17,0,52,23,49,71,71,83,79,86,74,60,31,43,0,0,
3600,차고지대기(경유) - 설운3통.여단앞,53,동부간선도로입구(경유),0,0,0,0,5,0,45,7,17,0,52,23,49,71,71,83,79,86,74,60,31,43,0,0,
3600,차고지대기(경유) - 설운3통.여단앞,54,군자교(경유),0,0,0,0,5,0,45,7,17,0,52,23,49,71,71,83,79,86,74,60,31,43,0,0,
3600,차고지대기(경유) - 설운3통.여단앞,55,중랑교(경유),0,0,0,0,5,0,45,7,17,0,52,23,49,71,71,83,79,86,74,60,31,43,0,0,
3600,차고지대기(경유) - 설운3통.여단앞,56,태릉입구역4번출구,0,0,0,12,2,24,38,17,12,0,45,18,38,44,76,57,71,76,74,50,40,38,0,0,
3600,차고지대기(경유) - 설운3통.여단앞,57,공릉역1번출구,0,0,0,7,0,10,26,14,10,0,38,0,36,47,76,50,67,78,53,43,20,33,26,0,
3600,차고지대기(경유) - 설운3통.여단앞,58,하계역,0,0,2,10,5,5,17,17,7,0,36,18,26,42,74,40,62,58,67,47,26,33,0,0,
3600,차고지대기(경유) - 설운3통.여단앞,59,서울시립북서울미술관,0,0,4,12,2,0,0,0,0,0,40,13,23,38,71,31,60,58,62,44,43,0,0,0,
3600,차고지대기(경유) - 설운3통.여단앞,60,백병원,0,0,7,0,0,0,14,0,7,0,36,16,0,36,67,36,57,43,55,40,36,0,0,0,
3600,차고지대기(경유) - 설운3통.여단앞,61,상계주공6단지,0,0,0,0,0,5,10,0,7,0,36,18,20,36,67,38,60,43,58,42,0,31,19,0,
3600,차고지대기(경유) - 설운3통.여단앞,62,도봉면허시험장,0,0,0,0,0,5,10,11,0,5,0,12,23,40,76,36,52,38,51,38,33,26,21,0,
3600,차고지대기(경유) - 설운3통.여단앞,63,마들역,0,0,0,14,0,0,7,0,4,0,31,14,23,40,79,45,50,38,51,33,0,24,19,0,
3600,차고지대기(경유) - 설운3통.여단앞,64,수락산역3번출구,0,0,0,0,17,0,12,9,7,0,0,0,26,44,93,48,64,48,53,40,22,26,0,0,
3600,차고지대기(경유) - 설운3통.여단앞,65,장암역삼거리(경유),0,0,0,0,17,0,12,9,7,0,0,0,26,44,93,48,64,48,53,40,22,26,0,0,
3600,차고지대기(경유) - 설운3통.여단앞,66,장암IC(경유),0,0,0,0,17,0,12,9,7,0,0,0,26,44,93,48,64,48,53,40,22,26,0,0,
3600,차고지대기(경유) - 설운3통.여단앞,67,장암우성아파트.장암주공2단지,0,0,0,4,0,0,0,0,5,2,29,26,0,38,31,88,45,53,49,0,36,24,0,0,
3600,차고지대기(경유) - 설운3통.여단앞,68,장암주공5단지.한국.풍림아파트,0,0,0,0,0,0,10,3,2,0,0,21,23,31,0,57,26,40,27,24,19,21,19,0,
3600,차고지대기(경유) - 설운3통.여단앞,69,추동아파트,0,0,0,0,14,0,2,5,0,0,0,17,0,29,17,38,17,33,26,17,17,26,17,0,
3600,차고지대기(경유) - 설운3통.여단앞,70,의정부시외버스터미널,0,0,0,0,12,0,0,10,0,0,0,10,0,0,12,24,14,29,21,12,12,24,0,0,
3600,차고지대기(경유) - 설운3통.여단앞,71,경전철효자역,0,0,0,0,7,0,0,0,0,0,0,0,2,24,10,17,14,21,19,0,0,5,14,0,
3600,차고지대기(경유) - 설운3통.여단앞,72,산들마을2단지,0,0,0,2,0,0,0,5,5,0,0,10,2,26,14,17,7,17,14,2,10,7,12,0,
3600,차고지대기(경유) - 설운3통.여단앞,73,송산초교.상가단지,0,0,0,9,10,2,10,0,5,0,0,12,0,23,12,14,7,12,12,7,0,4,0,0,
3600,차고지대기(경유) - 설운3통.여단앞,74,부용마을아파트정문,0,0,0,11,0,0,12,0,0,0,0,12,0,5,14,10,2,9,10,10,0,0,10,0,
3600,차고지대기(경유) - 설운3통.여단앞,75,송양중학교.반도유보라아이비파크,0,0,0,13,0,0,0,0,0,0,0,0,0,26,12,0,0,11,2,0,7,0,0,0,
3600,차고지대기(경유) - 설운3통.여단앞,76,송양고등학교.호반베르디움2차아파트앞,0,0,0,16,10,0,0,2,0,0,0,7,7,31,2,12,2,2,7,7,0,0,10,0,
3600,차고지대기(경유) - 설운3통.여단앞,77,양지마을8단지.민락푸르지오아파트,0,0,0,0,14,0,0,0,7,0,0,14,0,37,10,0,5,0,7,10,0,2,0,0,
3600,차고지대기(경유) - 설운3통.여단앞,78,송양초.민락센트럴17단지.송산3동행정복지센터,0,0,0,0,17,7,0,7,2,0,0,12,9,34,0,0,0,9,5,0,2,4,0,0,
3600,차고지대기(경유) - 설운3통.여단앞,79,용암마을입구,0,0,0,18,24,0,17,0,5,5,0,7,0,43,0,14,0,7,7,5,0,0,7,0,
3600,차고지대기(경유) - 설운3통.여단앞,80,이동교5리.축석검문소,0,0,0,16,24,0,14,2,0,2,0,0,7,37,0,0,2,0,0,2,0,2,0,0,
3600,차고지대기(경유) - 설운3통.여단앞,81,이동교3리.축석초교,0,0,0,0,0,0,0,0,0,0,0,0,0,29,0,0,0,0,5,0,0,0,0,0,
3600,차고지대기(경유) - 설운3통.여단앞,82,이동교3리.무봉리,0,0,0,0,19,0,0,0,5,2,0,0,0,2,0,0,0,0,0,0,0,0,0,0,
3600,차고지대기(경유) - 설운3통.여단앞,83,이동교2리.포천공구단지,0,0,0,11,0,0,0,0,2,0,0,0,0,0,2,0,0,0,0,0,0,0,0,0,
3600,차고지대기(경유) - 설운3통.여단앞,84,소흘읍사무소앞,0,0,0,0,0,5,7,0,0,0,0,10,0,0,0,0,0,0,0,0,0,0,5,0,
3600,차고지대기(경유) - 설운3통.여단앞,85,원일아파트.송우5리,0,0,0,4,0,2,0,2,0,0,0,0,5,17,2,5,0,5,2,0,0,0,0,0,
3600,차고지대기(경유) - 설운3통.여단앞,86,송우리터미널,0,0,0,0,0,0,0,0,0,0,0,5,0,3,0,2,0,0,0,0,0,0,2,0,
3600,차고지대기(경유) - 설운3통.여단앞,87,송우교,0,0,0,0,0,0,0,0,0,0,0,2,0,0,0,0,0,0,0,0,0,0,0,0,
3600,차고지대기(경유) - 설운3통.여단앞,88,설운3통.여단앞,0,0,0,0,0,0,0,0,0,0,0,0,0,0,0,0,0,0,0,0,0,0,0,0,
4101,한숲3단지 - 한숲4단지,0,한숲3단지,9,4,13,2,7,16,11,7,2,2,2,2,4,2,7,0,2,2,0,2,0,0,0,0,
4101,한숲3단지 - 한숲4단지,1,한숲5단지,0,33,40,20,16,36,24,22,9,7,4,4,7,53,11,7,11,4,7,7,4,0,0,0,
4101,한숲3단지 - 한숲4단지,2,남곡사거리.남곡초교,0,36,18,0,0,38,27,24,0,9,0,0,0,51,0,2,0,0,0,0,0,0,0,0,
4101,한숲3단지 - 한숲4단지,3,창리입구삼거리(경유),0,36,18,0,0,38,27,24,0,9,0,0,0,51,0,2,0,0,0,0,0,0,0,0,
4101,한숲3단지 - 한숲4단지,4,송전터미널,0,36,44,24,18,38,31,31,9,16,11,7,16,38,20,7,13,9,7,4,0,0,0,0,
4101,한숲3단지 - 한숲4단지,5,신창.덕성2리,0,13,0,0,0,36,36,0,13,0,0,0,0,36,0,4,0,0,0,0,0,0,0,0,
4101,한숲3단지 - 한숲4단지,6,천리농협.샘골마을,0,42,60,29,22,38,38,33,20,18,11,0,16,27,22,9,13,7,4,0,2,0,0,0,
4101,한숲3단지 - 한숲4단지,7,천리신미주아파트,0,44,69,33,24,0,22,0,0,20,13,11,18,20,20,11,9,9,0,0,7,0,0,0,
4101,한숲3단지 - 한숲4단지,8,베네스타아파트,0,0,71,0,0,0,47,0,18,22,16,13,0,0,0,0,7,0,0,0,0,0,0,0,
4101,한숲3단지 - 한숲4단지,9,에이스카운티,0,47,76,33,27,0,0,42,22,24,22,22,16,7,0,0,0,11,7,2,0,0,0,0,
4101,한숲3단지 - 한숲4단지,10,은화삼CC입구(경유),0,47,76,33,27,0,0,42,22,24,22,22,16,7,0,0,0,11,7,2,0,0,0,0,
4101,한숲3단지 - 한숲4단지,11,대촌교차로(경유),0,47,76,33,27,0,0,42,22,24,22,22,16,7,0,0,0,11,7,2,0,0,0,0,
4101,한숲3단지 - 한숲4단지,12,궁촌교(경유),0,47,76,33,27,0,0,42,22,24,22,22,16,7,0,0,0,11,7,2,0,0,0,0,
4101,한숲3단지 - 한숲4단지,13,자봉마을.써니밸리입구,0,51,89,64,40,24,0,44,0,0,27,0,0,0,0,0,0,13,0,9,0,0,0,0,
4101,한숲3단지 - 한숲4단지,14,쌍용아파트.현대1차.신창미션힐,0,69,98,76,56,60,51,62,44,22,31,20,22,22,22,13,4,11,9,11,7,0,0,0,
4101,한숲3단지 - 한숲4단지,15,한국민속촌.보라효성해링턴.삼정아파트,0,78,98,80,62,64,67,71,36,49,38,27,33,31,24,13,0,0,9,0,0,0,0,0,
4101,한숲3단지 - 한숲4단지,16,민속촌입구,0,87,80,82,60,80,73,89,38,51,36,0,36,38,20,0,7,4,9,13,0,0,0,0,
4101,한숲3단지 - 한숲4단지,17,통미마을.보라1동,0,0,0,82,62,49,73,87,42,0,33,0,18,0,18,0,0,7,0,0,9,0,0,0,
4101,한숲3단지 - 한숲4단지,18,금화마을입구,0,84,98,84,64,84,80,89,42,49,36,24,38,42,13,11,0,0,0,9,0,0,0,0,
4101,한숲3단지 - 한숲4단지,19,경기도박물관입구,0,87,96,87,67,87,80,91,0,47,27,0,42,44,20,9,0,9,2,9,11,0,0,0,
4101,한숲3단지 - 한숲4단지,20,수원신갈TG(경유),0,87,96,87,67,87,80,91,0,47,27,0,42,44,20,9,0,9,2,9,11,0,0,0,
4101,한숲3단지 - 한숲4단지,21,신갈JC(경유),0,87,96,87,67,87,80,91,0,47,27,0,42,44,20,9,0,9,2,9,11,0,0,0,
4101,한숲3단지 - 한숲4단지,22,죽전(경유),0,87,96,87,67,87,80,91,0,47,27,0,42,44,20,9,0,9,2,9,11,0,0,0,
4101,한숲3단지 - 한숲4단지,23,서울TG(경유),0,87,96,87,67,87,80,91,0,47,27,0,42,44,20,9,0,9,2,9,11,0,0,0,
4101,한숲3단지 - 한숲4단지,24,판교IC(경유),0,87,96,87,67,87,80,91,0,47,27,0,42,44,20,9,0,9,2,9,11,0,0,0,
4101,한숲3단지 - 한숲4단지,25,금토JC(경유),0,87,96,87,67,87,80,91,0,47,27,0,42,44,20,9,0,9,2,9,11,0,0,0,
4101,한숲3단지 - 한숲4단지,26,서울진입(경유),0,87,96,87,67,87,80,91,0,47,27,0,42,44,20,9,0,9,2,9,11,0,0,0,
4101,한숲3단지 - 한숲4단지,27,청계산입구역(경유),0,87,96,87,67,87,80,91,0,47,27,0,42,44,20,9,0,9,2,9,11,0,0,0,
4101,한숲3단지 - 한숲4단지,28,양재IC(경유),0,87,96,87,67,87,80,91,0,47,27,0,42,44,20,9,0,9,2,9,11,0,0,0,
4101,한숲3단지 - 한숲4단지,29,서초IC(경유),0,87,96,87,67,87,80,91,0,47,27,0,42,44,20,9,0,9,2,9,11,0,0,0,
4101,한숲3단지 - 한숲4단지,30,반포IC(경유),0,87,96,87,67,87,80,91,0,47,27,0,42,44,20,9,0,9,2,9,11,0,0,0,
4101,한숲3단지 - 한숲4단지,31,한남IC(경유),0,87,96,87,67,87,80,91,0,47,27,0,42,44,20,9,0,9,2,9,11,0,0,0,
4101,한숲3단지 - 한숲4단지,32,순천향대학병원,0,0,71,78,64,42,73,89,67,31,29,27,7,38,0,11,2,2,4,4,2,7,0,0,
4101,한숲3단지 - 한숲4단지,33,한남1고가차도(경유),0,0,71,78,64,42,73,89,67,31,29,27,7,38,0,11,2,2,4,4,2,7,0,0,
4101,한숲3단지 - 한숲4단지,34,남산1호터널TG(경유),0,0,71,78,64,42,73,89,67,31,29,27,7,38,0,11,2,2,4,4,2,7,0,0,
4101,한숲3단지 - 한숲4단지,35,서울백병원.국가인권위.안중근활동터(중),0,0,47,58,42,29,47,40,42,22,16,16,9,16,16,7,0,0,2,2,0,4,0,0,
4101,한숲3단지 - 한숲4단지,36,SKT타워(경유),0,0,47,58,42,29,47,40,42,22,16,16,9,16,16,7,0,0,2,2,0,4,0,0,
4101,한숲3단지 - 한숲4단지,37,서울시청,0,0,29,29,27,16,13,16,9,13,9,11,18,16,36,11,18,13,4,0,0,0,0,0,
4101,한숲3단지 - 한숲4단지,38,시청교차로(경유),0,0,29,29,27,16,13,16,9,13,9,11,18,16,36,11,18,13,4,0,0,0,0,0,
4101,한숲3단지 - 한숲4단지,39,신한은행본점,0,0,2,7,11,2,2,4,4,11,18,11,11,22,58,13,20,18,7,0,0,0,0,0,
4101,한숲3단지 - 한숲4단지,40,서울역교차로(경유),0,0,2,7,11,2,2,4,4,11,18,11,11,22,58,13,20,18,7,0,0,0,0,0,
4101,한숲3단지 - 한숲4단지,41,숭례문,0,2,4,2,2,4,2,2,13,18,18,9,31,42,78,20,36,29,11,9,0,4,0,0,
4101,한숲3단지 - 한숲4단지,42,남대문로3가(경유),0,2,4,2,2,4,2,2,13,18,18,9,31,42,78,20,36,29,11,9,0,4,0,0,
4101,한숲3단지 - 한숲4단지,43,명동입구,0,0,4,7,7,7,7,0,22,20,20,22,36,71,98,69,56,22,44,16,7,13,0,0,
4101,한숲3단지 - 한숲4단지,44,남대문세무서.서울백병원(중),0,0,7,9,7,9,9,0,24,24,27,40,47,84,0,80,44,71,62,20,9,16,0,0,
4101,한숲3단지 - 한숲4단지,45,남산1호터널TG(경유),0,0,7,9,7,9,9,0,24,24,27,40,47,84,0,80,44,71,62,20,9,16,0,0,
4101,한숲3단지 - 한숲4단지,46,한남1고가차도진입(경유),0,0,7,9,7,9,9,0,24,24,27,40,47,84,0,80,44,71,62,20,9,16,0,0,
4101,한숲3단지 - 한숲4단지,47,남산고가차도출입(경유),0,0,7,9,7,9,9,0,24,24,27,40,47,84,0,80,44,71,62,20,9,16,0,0,
4101,한숲3단지 - 한숲4단지,48,순천향대학병원,0,0,16,11,13,13,4,16,27,27,42,36,73,0,91,82,56,80,71,22,16,18,0,0,
4101,한숲3단지 - 한숲4단지,49,한남IC(경유),0,0,16,11,13,13,4,16,27,27,42,36,73,0,91,82,56,80,71,22,16,18,0,0,
4101,한숲3단지 - 한숲4단지,50,반포IC(경유),0,0,16,11,13,13,4,16,27,27,42,36,73,0,91,82,56,80,71,22,16,18,0,0,
4101,한숲3단지 - 한숲4단지,51,서초IC(경유),0,0,16,11,13,13,4,16,27,27,42,36,73,0,91,82,56,80,71,22,16,18,0,0,
4101,한숲3단지 - 한숲4단지,52,양재IC(경유),0,0,16,11,13,13,4,16,27,27,42,36,73,0,91,82,56,80,71,22,16,18,0,0,
4101,한숲3단지 - 한숲4단지,53,청계산입구역(경유),0,0,16,11,13,13,4,16,27,27,42,36,73,0,91,82,56,80,71,22,16,18,0,0,
4101,한숲3단지 - 한숲4단지,54,성남진입(경유),0,0,16,11,13,13,4,16,27,27,42,36,73,0,91,82,56,80,71,22,16,18,0,0,
4101,한숲3단지 - 한숲4단지,55,금토JC(경유),0,0,16,11,13,13,4,16,27,27,42,36,73,0,91,82,56,80,71,22,16,18,0,0,
4101,한숲3단지 - 한숲4단지,56,판교IC(경유),0,0,16,11,13,13,4,16,27,27,42,36,73,0,91,82,56,80,71,22,16,18,0,0,
4101,한숲3단지 - 한숲4단지,57,서울TG(경유),0,0,16,11,13,13,4,16,27,27,42,36,73,0,91,82,56,80,71,22,16,18,0,0,
4101,한숲3단지 - 한숲4단지,58,죽전(경유),0,0,16,11,13,13,4,16,27,27,42,36,73,0,91,82,56,80,71,22,16,18,0,0,
4101,한숲3단지 - 한숲4단지,59,신갈JC(경유),0,0,16,11,13,13,4,16,27,27,42,36,73,0,91,82,56,80,71,22,16,18,0,0,
4101,한숲3단지 - 한숲4단지,60,수원신갈TG(경유),0,0,16,11,13,13,4,16,27,27,42,36,73,0,91,82,56,80,71,22,16,18,0,0,
4101,한숲3단지 - 한숲4단지,61,신갈오거리,0,0,0,13,11,9,16,0,0,27,24,33,38,71,84,93,49,80,80,40,11,20,4,0,
4101,한숲3단지 - 한숲4단지,62,금화마을입구,0,0,0,16,0,16,0,0,7,24,0,44,0,62,91,91,82,78,87,38,13,13,0,0,
4101,한숲3단지 - 한숲4단지,63,통미마을.보라1동,0,0,0,9,0,13,11,0,0,9,27,42,40,71,87,87,76,73,82,36,0,16,0,0,
4101,한숲3단지 - 한숲4단지,64,보라마을입구,0,0,0,11,0,9,11,13,4,22,20,33,36,58,80,73,71,67,64,38,0,9,0,0,
4101,한숲3단지 - 한숲4단지,65,한국민속촌.보라효성해링턴.삼정아파트,0,0,0,13,0,4,9,11,0,11,24,33,27,56,71,60,64,60,60,31,0,0,0,0,
4101,한숲3단지 - 한숲4단지,66,쌍용아파트.현대1차.신창미션힐,0,0,0,0,4,2,11,9,2,7,18,22,16,47,49,38,44,49,40,27,24,9,0,0,
4101,한숲3단지 - 한숲4단지,67,자봉마을.써니밸리입구,0,0,0,0,0,9,0,7,0,0,16,24,18,11,47,33,0,42,36,0,22,0,0,0,
4101,한숲3단지 - 한숲4단지,68,궁촌교(경유),0,0,0,0,0,9,0,7,0,0,16,24,18,11,47,33,0,42,36,0,22,0,0,0,
4101,한숲3단지 - 한숲4단지,69,대촌교차로(경유),0,0,0,0,0,9,0,7,0,0,16,24,18,11,47,33,0,42,36,0,22,0,0,0,
4101,한숲3단지 - 한숲4단지,70,에이스카운티,0,0,0,0,7,0,0,0,0,9,18,22,16,40,0,49,18,33,31,31,20,0,2,0,
4101,한숲3단지 - 한숲4단지,71,베네스타아파트,0,0,0,0,0,0,0,0,0,4,0,0,0,0,36,0,36,31,29,29,9,0,0,0,
4101,한숲3단지 - 한숲4단지,72,천리신미주아파트,0,0,0,0,13,7,0,0,4,0,0,16,0,0,0,40,29,29,27,24,18,0,4,0,
4101,한숲3단지 - 한숲4단지,73,천리농협.샘골마을,0,0,0,0,16,0,9,0,9,7,0,13,0,36,29,29,22,27,20,20,16,7,2,0,
4101,한숲3단지 - 한숲4단지,74,신창.덕성2리휴게소,0,0,0,0,0,0,9,0,0,0,13,11,0,38,0,24,9,2,0,18,0,0,0,0,
4101,한숲3단지 - 한숲4단지,75,송전터미널,0,0,0,0,9,0,2,4,7,2,4,11,7,9,22,20,22,29,18,18,9,4,0,0,
4101,한숲3단지 - 한숲4단지,76,남곡사거리.남곡초교,0,0,0,0,7,0,0,2,0,0,0,7,0,0,0,0,20,24,16,0,0,0,0,0,
4101,한숲3단지 - 한숲4단지,77,한숲6단지,0,0,0,0,0,2,0,0,0,0,0,0,0,0,2,4,4,0,11,2,2,0,0,0,
4101,한숲3단지 - 한숲4단지,78,한숲4단지,0,0,0,0,0,0,0,0,0,0,0,0,0,0,0,0,0,0,0,0,0,0,0,0,
4103,판교대장로동측 - 판교대장로서측,0,판교대장로동측,0,2,7,2,0,2,0,0,0,7,0,0,0,0,0,0,0,0,0,0,0,0,0,0,
4103,판교대장로동측 - 판교대장로서측,1,판교풍경채5단지,0,9,31,27,9,11,7,4,7,2,2,0,0,0,0,0,0,0,2,2,0,0,0,0,
4103,판교대장로동측 - 판교대장로서측,2,판교더샵포레스트11단지,0,16,42,44,18,18,9,7,0,0,4,0,4,0,0,0,0,0,0,0,0,0,0,0,
4103,판교대장로동측 - 판교대장로서측,3,힐스테이트판교엘포레6단지,0,18,47,49,13,20,11,9,0,0,7,0,0,2,0,0,0,0,0,0,0,0,0,0,
4103,판교대장로동측 - 판교대장로서측,4,힐스테이트판교엘포레6단지후문,0,0,53,64,27,24,11,0,0,11,11,0,7,0,2,2,0,0,0,0,0,0,0,0,
4103,판교대장로동측 - 판교대장로서측,5,판교퍼스트힐푸르지오1단지,0,24,62,89,36,29,18,16,13,16,13,0,11,0,0,0,0,2,0,0,0,0,0,0,
4103,판교대장로동측 - 판교대장로서측,6,경남아너스빌.서판교성당,0,29,67,98,40,31,22,20,18,18,0,4,13,0,0,0,0,0,0,0,0,0,0,0,
4103,판교대장로동측 - 판교대장로서측,7,태영데시앙,0,33,76,58,60,40,27,24,20,18,7,7,20,0,9,0,0,0,0,4,0,0,0,0,
4103,판교대장로동측 - 판교대장로서측,8,운중동행정복지센터,0,0,80,62,73,42,40,31,36,0,18,13,24,20,16,2,0,2,2,7,0,0,0,0,
4103,판교대장로동측 - 판교대장로서측,9,판교원마을1.2단지.판교도서관,0,9,89,91,78,40,49,33,33,42,20,16,0,22,0,4,0,4,4,0,0,0,0,0,
4103,판교대장로동측 - 판교대장로서측,10,판교TG(경유),0,9,89,91,78,40,49,33,33,42,20,16,0,22,0,4,0,4,4,0,0,0,0,0,
4103,판교대장로동측 - 판교대장로서측,11,금토JC(경유),0,9,89,91,78,40,49,33,33,42,20,16,0,22,0,4,0,4,4,0,0,0,0,0,
4103,판교대장로동측 - 판교대장로서측,12,서울진입(경유),0,9,89,91,78,40,49,33,33,42,20,16,0,22,0,4,0,4,4,0,0,0,0,0,
4103,판교대장로동측 - 판교대장로서측,13,청계산입구역(경유),0,9,89,91,78,40,49,33,33,42,20,16,0,22,0,4,0,4,4,0,0,0,0,0,
4103,판교대장로동측 - 판교대장로서측,14,양재IC(경유),0,9,89,91,78,40,49,33,33,42,20,16,0,22,0,4,0,4,4,0,0,0,0,0,
4103,판교대장로동측 - 판교대장로서측,15,서초IC(경유),0,9,89,91,78,40,49,33,33,42,20,16,0,22,0,4,0,4,4,0,0,0,0,0,
4103,판교대장로동측 - 판교대장로서측,16,반포IC(경유),0,9,89,91,78,40,49,33,33,42,20,16,0,22,0,4,0,4,4,0,0,0,0,0,
4103,판교대장로동측 - 판교대장로서측,17,한남IC(경유),0,9,89,91,78,40,49,33,33,42,20,16,0,22,0,4,0,4,4,0,0,0,0,0,
4103,판교대장로동측 - 판교대장로서측,18,순천향대학병원,0,7,38,78,96,73,20,38,24,31,18,9,0,20,9,18,0,0,0,2,0,0,0,0,
4103,판교대장로동측 - 판교대장로서측,19,한남1고가차도(경유),0,7,38,78,96,73,20,38,24,31,18,9,0,20,9,18,0,0,0,2,0,0,0,0,
4103,판교대장로동측 - 판교대장로서측,20,남산1호터널TG(경유),0,7,38,78,96,73,20,38,24,31,18,9,0,20,9,18,0,0,0,2,0,0,0,0,
4103,판교대장로동측 - 판교대장로서측,21,서울백병원.국가인권위.안중근활동터(중),0,2,27,51,62,56,13,27,22,16,9,4,11,11,0,4,0,0,0,0,0,0,0,0,
4103,판교대장로동측 - 판교대장로서측,22,을지로2가.기업은행본점.서울노동청,0,0,13,36,42,40,7,22,18,13,2,2,0,7,0,4,0,0,0,0,0,0,0,0,
4103,판교대장로동측 - 판교대장로서측,23,서울시청,0,0,7,22,18,20,7,11,7,9,9,2,0,4,7,0,0,0,2,0,0,0,0,0,
4103,판교대장로동측 - 판교대장로서측,24,시청교차로(경유),0,0,7,22,18,20,7,11,7,9,9,2,0,4,7,0,0,0,2,0,0,0,0,0,
4103,판교대장로동측 - 판교대장로서측,25,신한은행본점,0,2,2,9,7,7,2,4,7,4,11,0,4,11,11,4,0,7,7,0,0,0,0,0,
4103,판교대장로동측 - 판교대장로서측,26,서울역버스환승센터(5번승강장)(중),0,7,2,11,7,2,2,2,4,7,16,2,7,16,31,13,4,9,11,7,0,0,0,0,
4103,판교대장로동측 - 판교대장로서측,27,서울역교차로(경유),0,7,2,11,7,2,2,2,4,7,16,2,7,16,31,13,4,9,11,7,0,0,0,0,
4103,판교대장로동측 - 판교대장로서측,28,숭례문,0,0,0,9,7,0,0,0,0,4,0,4,7,33,38,20,0,0,13,9,0,0,0,0,
4103,판교대장로동측 - 판교대장로서측,29,남대문시장,0,0,9,0,0,0,0,4,0,2,0,7,20,0,42,0,0,11,0,0,0,0,0,0,
4103,판교대장로동측 - 판교대장로서측,30,명동입구,0,0,11,2,2,16,0,0,0,0,18,9,24,87,71,62,40,24,27,20,0,0,0,0,
4103,판교대장로동측 - 판교대장로서측,31,남대문세무서.서울백병원(중),0,0,0,11,11,29,0,7,0,7,24,16,36,98,93,71,62,38,42,27,0,0,0,0,
4103,판교대장로동측 - 판교대장로서측,32,남산1호터널TG(경유),0,0,0,11,11,47,0,7,0,7,24,16,42,98,93,71,62,38,42,27,0,0,0,0,
4103,판교대장로동측 - 판교대장로서측,33,한남1고가차도진입(경유),0,0,0,11,11,47,0,7,0,7,24,16,42,98,93,71,62,38,42,27,0,0,0,0,
4103,판교대장로동측 - 판교대장로서측,34,순천향대학병원,0,0,13,9,22,4,0,9,4,13,20,22,38,0,98,73,67,36,53,31,0,0,0,0,
4103,판교대장로동측 - 판교대장로서측,35,한남IC(경유),0,0,13,9,22,4,0,9,4,13,20,22,38,0,98,73,67,36,53,31,0,0,0,0,
4103,판교대장로동측 - 판교대장로서측,36,반포IC(경유),0,0,13,9,22,4,0,9,4,13,20,22,38,0,98,73,67,36,53,31,0,0,0,0,
4103,판교대장로동측 - 판교대장로서측,37,서초IC(경유),0,0,13,9,22,4,0,9,4,13,20,22,38,0,98,73,67,36,53,31,0,0,0,0,
4103,판교대장로동측 - 판교대장로서측,38,양재IC(경유),0,0,13,9,22,4,0,9,4,13,20,22,38,0,98,73,67,36,53,31,0,0,0,0,
4103,판교대장로동측 - 판교대장로서측,39,청계산입구역(경유),0,0,13,9,22,4,0,9,4,13,20,22,38,0,98,73,67,36,53,31,0,0,0,0,
4103,판교대장로동측 - 판교대장로서측,40,성남진입(경유),0,0,13,9,22,4,0,9,4,13,20,22,38,0,98,73,67,36,53,31,0,0,0,0,
4103,판교대장로동측 - 판교대장로서측,41,금토JC(경유),0,0,13,9,22,4,0,9,4,13,20,22,38,0,98,73,67,36,53,31,0,0,0,0,
4103,판교대장로동측 - 판교대장로서측,42,판교TG(경유),0,0,13,9,22,4,0,9,4,13,20,22,38,0,98,73,67,36,53,31,0,0,0,0,
4103,판교대장로동측 - 판교대장로서측,43,판교원마을1.2단지.판교도서관,0,0,11,0,18,31,0,9,0,0,16,22,20,33,78,67,44,29,33,44,27,0,0,0,
4103,판교대장로동측 - 판교대장로서측,44,운중동행정복지센터사거리,0,0,0,0,7,0,0,2,0,9,4,20,18,18,64,58,33,20,33,47,18,0,0,0,
4103,판교대장로동측 - 판교대장로서측,45,태영데시앙,0,0,0,0,4,0,0,0,0,7,0,16,13,16,49,40,20,18,27,40,13,0,0,0,
4103,판교대장로동측 - 판교대장로서측,46,경남아너스빌.서판교성당,0,0,9,0,2,0,0,0,0,0,2,9,9,13,42,38,9,16,22,33,9,0,0,0,
4103,판교대장로동측 - 판교대장로서측,47,판교퍼스트힐푸르지오1단지,0,0,0,0,0,0,0,0,0,4,0,0,13,2,38,29,7,13,0,20,0,0,0,0,
4103,판교대장로동측 - 판교대장로서측,48,판교퍼스트힐푸르지오2단지,0,0,7,0,0,0,0,0,0,2,0,0,0,11,31,20,24,9,9,16,7,0,0,0,
4103,판교대장로동측 - 판교대장로서측,49,SK.금강테라스하우스,0,0,2,0,0,0,0,0,0,0,0,0,7,0,18,11,4,4,11,13,0,0,0,0,
4103,판교대장로동측 - 판교대장로서측,50,판교반디유치원.복합문화단지,0,0,0,0,0,0,0,0,0,0,0,0,4,0,7,4,13,2,9,7,4,0,0,0,
4103,판교대장로동측 - 판교대장로서측,51,힐스테이트판교엘포레4단지,0,0,0,0,0,0,0,0,0,0,0,2,0,0,2,0,2,0,4,2,0,0,0,0,
4103,판교대장로동측 - 판교대장로서측,52,판교대장로서측,0,0,0,0,0,0,0,0,0,0,0,0,0,0,0,0,0,0,0,0,0,0,0,0,
4108,나루마을.월드반도 - 나루마을.한화꿈에그린2차,0,나루마을.월드반도,0,0,22,16,13,7,7,0,2,9,1,1,4,4,0,0,2,2,0,0,0,0,0,0,
4108,나루마을.월드반도 - 나루마을.한화꿈에그린2차,1,새강마을사거리(경유),0,0,22,16,13,7,7,0,2,9,1,1,4,4,0,0,2,2,0,0,0,0,0,0,
4108,나루마을.월드반도 - 나루마을.한화꿈에그린2차,2,솔빛마을.서해.쌍용아파트,0,0,37,30,27,10,10,0,7,13,0,0,9,0,0,0,4,4,1,0,0,0,0,0,
4108,나루마을.월드반도 - 나루마을.한화꿈에그린2차,3,다은마을(중),0,0,46,49,33,12,13,0,0,16,7,0,9,0,1,0,7,4,0,0,0,0,0,0,
4108,나루마을.월드반도 - 나루마을.한화꿈에그린2차,4,메타폴리스(중),0,9,67,66,40,15,24,0,0,20,0,10,16,0,3,0,0,7,4,0,0,0,0,0,
4108,나루마을.월드반도 - 나루마을.한화꿈에그린2차,5,한빛마을(중),0,13,69,72,49,16,33,0,9,0,6,13,29,3,4,0,13,9,9,0,0,0,0,0,
4108,나루마을.월드반도 - 나루마을.한화꿈에그린2차,6,예당마을.롯데캐슬(중),0,16,98,75,53,18,16,0,0,22,10,0,44,13,7,0,16,13,0,0,0,0,0,0,
4108,나루마을.월드반도 - 나루마을.한화꿈에그린2차,7,기흥동탄TG(경유),0,16,98,75,53,18,16,0,0,22,10,0,44,13,7,0,16,13,0,0,0,0,0,0,
4108,나루마을.월드반도 - 나루마을.한화꿈에그린2차,8,기흥휴게소(경유),0,16,98,75,53,18,16,0,0,22,10,0,44,13,7,0,16,13,0,0,0,0,0,0,
4108,나루마을.월드반도 - 나루마을.한화꿈에그린2차,9,수원신갈IC(경유),0,16,98,75,53,18,16,0,0,22,10,0,44,13,7,0,16,13,0,0,0,0,0,0,
4108,나루마을.월드반도 - 나루마을.한화꿈에그린2차,10,신갈JC(경유),0,16,98,75,53,18,16,0,0,22,10,0,44,13,7,0,16,13,0,0,0,0,0,0,
4108,나루마을.월드반도 - 나루마을.한화꿈에그린2차,11,죽전(경유),0,16,98,75,53,18,16,0,0,22,10,0,44,13,7,0,16,13,0,0,0,0,0,0,
4108,나루마을.월드반도 - 나루마을.한화꿈에그린2차,12,서울TG(경유),0,16,98,75,53,18,16,0,0,22,10,0,44,13,7,0,16,13,0,0,0,0,0,0,
4108,나루마을.월드반도 - 나루마을.한화꿈에그린2차,13,판교IC(경유),0,16,98,75,53,18,16,0,0,22,10,0,44,13,7,0,16,13,0,0,0,0,0,0,
4108,나루마을.월드반도 - 나루마을.한화꿈에그린2차,14,금토JC(경유),0,16,98,75,53,18,16,0,0,22,10,0,44,13,7,0,16,13,0,0,0,0,0,0,
4108,나루마을.월드반도 - 나루마을.한화꿈에그린2차,15,서울진입(경유),0,16,98,75,53,18,16,0,0,22,10,0,44,13,7,0,16,13,0,0,0,0,0,0,
4108,나루마을.월드반도 - 나루마을.한화꿈에그린2차,16,청계산입구역(경유),0,16,98,75,53,18,16,0,0,22,10,0,44,13,7,0,16,13,0,0,0,0,0,0,
4108,나루마을.월드반도 - 나루마을.한화꿈에그린2차,17,양재IC(경유),0,16,98,75,53,18,16,0,0,22,10,0,44,13,7,0,16,13,0,0,0,0,0,0,
4108,나루마을.월드반도 - 나루마을.한화꿈에그린2차,18,서초IC(경유),0,16,98,75,53,18,16,0,0,22,10,0,44,13,7,0,16,13,0,0,0,0,0,0,
4108,나루마을.월드반도 - 나루마을.한화꿈에그린2차,19,반포IC(경유),0,16,98,75,53,18,16,0,0,22,10,0,44,13,7,0,16,13,0,0,0,0,0,0,
4108,나루마을.월드반도 - 나루마을.한화꿈에그린2차,20,한남IC(경유),0,16,98,75,53,18,16,0,0,22,10,0,44,13,7,0,16,13,0,0,0,0,0,0,
4108,나루마을.월드반도 - 나루마을.한화꿈에그린2차,21,한남오거리(경유),0,16,98,75,53,18,16,0,0,22,10,0,44,13,7,0,16,13,0,0,0,0,0,0,
4108,나루마을.월드반도 - 나루마을.한화꿈에그린2차,22,한남1고가차도(경유),0,16,98,75,53,18,16,0,0,22,10,0,44,13,7,0,16,13,0,0,0,0,0,0,
4108,나루마을.월드반도 - 나루마을.한화꿈에그린2차,23,남산1호터널TG(경유),0,16,98,75,53,18,16,0,0,22,10,0,44,13,7,0,16,13,0,0,0,0,0,0,
4108,나루마을.월드반도 - 나루마을.한화꿈에그린2차,24,서울백병원.국가인권위.안중근활동터(중),0,0,13,53,46,33,12,19,0,2,9,10,0,22,7,4,0,12,7,3,0,0,0,0,
4108,나루마을.월드반도 - 나루마을.한화꿈에그린2차,25,SKT타워(경유),0,0,13,53,46,33,12,19,0,2,9,10,0,22,7,4,0,12,7,3,0,0,0,0,
4108,나루마을.월드반도 - 나루마을.한화꿈에그린2차,26,서울시청,0,0,2,42,24,13,4,3,0,0,4,7,0,29,13,3,0,11,9,1,0,0,0,0,
4108,나루마을.월드반도 - 나루마을.한화꿈에그린2차,27,시청교차로(경유),0,0,2,42,24,13,4,3,0,0,4,7,0,29,13,3,0,11,9,1,0,0,0,0,
4108,나루마을.월드반도 - 나루마을.한화꿈에그린2차,28,신한은행본점,0,0,0,16,10,7,1,4,0,0,16,6,6,42,24,3,0,16,1,4,0,0,0,0,
4108,나루마을.월드반도 - 나루마을.한화꿈에그린2차,29,숭례문(경유),0,0,0,16,10,7,1,4,0,0,16,6,6,42,24,3,0,16,1,4,0,0,0,0,
4108,나루마을.월드반도 - 나루마을.한화꿈에그린2차,30,서울역버스환승센터(6번승강장)(중),0,0,0,9,9,0,2,7,0,9,18,10,10,82,49,10,0,29,11,6,0,0,0,0,
4108,나루마을.월드반도 - 나루마을.한화꿈에그린2차,31,서울역교차로(경유),0,0,0,9,9,0,2,7,0,9,18,10,10,82,49,10,0,29,11,6,0,0,0,0,
4108,나루마을.월드반도 - 나루마을.한화꿈에그린2차,32,숭례문교차로(경유),0,0,0,9,9,0,2,7,0,9,18,10,10,82,49,10,0,29,11,6,0,0,0,0,
4108,나루마을.월드반도 - 나루마을.한화꿈에그린2차,33,남대문로3가(경유),0,0,0,9,9,0,2,7,0,9,18,10,10,82,49,10,0,29,11,6,0,0,0,0,
4108,나루마을.월드반도 - 나루마을.한화꿈에그린2차,34,명동입구,0,0,2,12,10,0,4,9,0,0,3,29,18,20,100,28,16,60,16,10,0,0,0,0,
4108,나루마을.월드반도 - 나루마을.한화꿈에그린2차,35,남대문세무서.서울백병원(중),0,0,0,24,9,2,6,16,0,0,18,36,33,33,97,118,18,62,27,13,0,0,0,0,
4108,나루마을.월드반도 - 나루마을.한화꿈에그린2차,36,남산1호터널TG(경유),0,0,0,24,9,2,6,16,0,0,18,36,33,33,97,118,18,62,27,13,0,0,0,0,
4108,나루마을.월드반도 - 나루마을.한화꿈에그린2차,37,한남1고가차도진입(경유),0,0,0,24,9,2,6,16,0,0,18,36,33,33,97,118,18,62,27,13,0,0,0,0,
4108,나루마을.월드반도 - 나루마을.한화꿈에그린2차,38,남산고가차도출입(경유),0,0,0,24,9,2,6,16,0,0,18,36,33,33,97,118,18,62,27,13,0,0,0,0,
4108,나루마을.월드반도 - 나루마을.한화꿈에그린2차,39,한남IC(경유),0,0,0,24,9,2,6,16,0,0,18,36,33,33,97,118,18,62,27,13,0,0,0,0,
4108,나루마을.월드반도 - 나루마을.한화꿈에그린2차,40,반포IC(경유),0,0,0,24,9,2,6,16,0,0,18,36,33,33,97,118,18,62,27,13,0,0,0,0,
4108,나루마을.월드반도 - 나루마을.한화꿈에그린2차,41,서초IC(경유),0,0,0,24,9,2,6,16,0,0,18,36,33,33,97,118,18,62,27,13,0,0,0,0,
4108,나루마을.월드반도 - 나루마을.한화꿈에그린2차,42,양재IC(경유),0,0,0,24,9,2,6,16,0,0,18,36,33,33,97,118,18,62,27,13,0,0,0,0,
4108,나루마을.월드반도 - 나루마을.한화꿈에그린2차,43,청계산입구역(경유),0,0,0,24,9,2,6,16,0,0,18,36,33,33,97,118,18,62,27,13,0,0,0,0,
4108,나루마을.월드반도 - 나루마을.한화꿈에그린2차,44,성남진입(경유),0,0,0,24,9,2,6,16,0,0,18,36,33,33,97,118,18,62,27,13,0,0,0,0,
4108,나루마을.월드반도 - 나루마을.한화꿈에그린2차,45,금토JC(경유),0,0,0,24,9,2,6,16,0,0,18,36,33,33,97,118,18,62,27,13,0,0,0,0,
4108,나루마을.월드반도 - 나루마을.한화꿈에그린2차,46,판교IC(경유),0,0,0,24,9,2,6,16,0,0,18,36,33,33,97,118,18,62,27,13,0,0,0,0,
4108,나루마을.월드반도 - 나루마을.한화꿈에그린2차,47,서울TG(경유),0,0,0,24,9,2,6,16,0,0,18,36,33,33,97,118,18,62,27,13,0,0,0,0,
4108,나루마을.월드반도 - 나루마을.한화꿈에그린2차,48,죽전(경유),0,0,0,24,9,2,6,16,0,0,18,36,33,33,97,118,18,62,27,13,0,0,0,0,
4108,나루마을.월드반도 - 나루마을.한화꿈에그린2차,49,신갈JC(경유),0,0,0,24,9,2,6,16,0,0,18,36,33,33,97,118,18,62,27,13,0,0,0,0,
4108,나루마을.월드반도 - 나루마을.한화꿈에그린2차,50,수원신갈IC(경유),0,0,0,24,9,2,6,16,0,0,18,36,33,33,97,118,18,62,27,13,0,0,0,0,
4108,나루마을.월드반도 - 나루마을.한화꿈에그린2차,51,기흥휴게소(경유),0,0,0,24,9,2,6,16,0,0,18,36,33,33,97,118,18,62,27,13,0,0,0,0,
4108,나루마을.월드반도 - 나루마을.한화꿈에그린2차,52,기흥동탄TG(경유),0,0,0,24,9,2,6,16,0,0,18,36,33,33,97,118,18,62,27,13,0,0,0,0,
4108,나루마을.월드반도 - 나루마을.한화꿈에그린2차,53,예당마을.롯데캐슬(중),0,0,0,0,13,6,0,4,10,0,13,31,15,27,18,104,42,0,62,22,12,0,0,0,
4108,나루마을.월드반도 - 나루마을.한화꿈에그린2차,54,한빛마을.석우중학교(중),0,0,0,4,10,4,0,3,6,0,11,24,10,22,29,73,31,9,47,18,10,0,0,0,
4108,나루마을.월드반도 - 나루마을.한화꿈에그린2차,55,메타폴리스(중),0,0,0,0,9,1,0,0,4,0,4,18,4,12,16,60,25,6,29,9,7,0,0,0,
4108,나루마을.월드반도 - 나루마을.한화꿈에그린2차,56,다은마을(중),0,0,0,2,3,0,0,0,1,0,0,13,0,6,13,42,19,4,24,6,1,0,0,0,
4108,나루마을.월드반도 - 나루마을.한화꿈에그린2차,57,새강마을.휴먼시아,0,0,0,0,1,0,0,0,0,0,2,0,4,3,9,33,31,0,20,0,0,0,0,0,
4108,나루마을.월드반도 - 나루마을.한화꿈에그린2차,58,나루마을.한화꿈에그린2차,0,0,0,0,0,0,0,0,0,0,0,0,0,0,0,0,0,0,0,0,0,0,0,0,
,초당주공3단지후문 - 초당역,0,초당주공3단지후문,0,0,2,0,2,2,0,0,0,0,0,0,0,0,0,0,0,0,0,0,0,0,0,0,
,초당주공3단지후문 - 초당역,1,초당초등학교.현진에버빌,0,4,4,1,7,4,4,0,0,0,0,0,0,0,0,0,0,0,0,0,0,0,0,0,
,초당주공3단지후문 - 초당역,2,초당중학교.삼부르네상스아파트,0,7,10,7,9,6,9,0,0,0,0,0,0,0,0,0,0,0,0,0,0,0,0,0,
,초당주공3단지후문 - 초당역,3,동백경남아너스빌,0,16,11,13,11,10,4,3,0,0,0,0,0,0,0,0,0,0,0,0,0,0,0,0,
,초당주공3단지후문 - 초당역,4,동백역.성산마을서해그랑블,0,10,18,6,22,16,8,3,0,0,0,0,0,0,0,0,0,0,0,0,0,0,0,0,
,초당주공3단지후문 - 초당역,5,동백2동행정복지센터,0,0,0,7,0,18,11,6,0,0,0,0,0,0,0,0,0,0,0,0,0,0,0,0,
,초당주공3단지후문 - 초당역,6,쥬네브상가,0,0,0,7,0,18,11,6,0,0,0,0,0,0,0,0,0,0,0,0,0,0,0,0,
,초당주공3단지후문 - 초당역,7,동백소방서.동일하이빌.롯데캐슬,0,22,31,22,24,22,13,10,4,0,0,0,0,0,0,0,0,0,0,0,0,0,0,0,
,초당주공3단지후문 - 초당역,8,동백고.풍림코아루.호수마을서해그랑블,0,27,32,47,36,24,20,12,0,0,0,0,0,0,0,0,0,0,0,0,0,0,0,0,
,초당주공3단지후문 - 초당역,9,동백중학교,0,38,42,67,51,32,22,18,8,0,0,0,0,0,0,0,0,0,0,0,0,0,0,0,
,초당주공3단지후문 - 초당역,10,동막초등학교.호수마을계룡리슈빌.어울림,0,44,56,69,73,40,24,21,0,0,0,0,0,0,0,0,0,0,0,0,0,0,0,0,
,초당주공3단지후문 - 초당역,11,두산위브더제니스.호수마을.자연엔데시앙,0,52,76,82,98,49,29,26,13,0,0,0,0,0,0,0,0,0,0,0,0,0,0,0,
,초당주공3단지후문 - 초당역,12,동백이마트,0,60,86,91,109,51,40,32,15,0,0,0,0,0,0,0,0,0,0,0,0,0,0,0,
,초당주공3단지후문 - 초당역,13,어정역,0,64,91,98,86,82,42,34,18,0,0,0,0,0,0,0,0,0,0,0,0,0,0,0,
,초당주공3단지후문 - 초당역,14,어정풍림아파트,0,78,100,96,49,88,51,38,28,0,0,0,0,0,0,0,0,0,0,0,0,0,0,0,
,초당주공3단지후문 - 초당역,15,갈천마을,0,80,91,91,109,90,56,42,22,0,0,0,0,0,0,0,0,0,0,0,0,0,0,0,
,초당주공3단지후문 - 초당역,16,지석역,0,82,93,98,107,58,58,0,24,0,0,0,0,0,0,0,0,0,0,0,0,0,0,0,
,초당주공3단지후문 - 초당역,17,어정삼거리.강남마을,0,0,98,93,100,88,60,42,25,0,0,0,0,0,0,0,0,0,0,0,0,0,0,0,
,초당주공3단지후문 - 초당역,18,강남대역.강남대입구,0,86,74,47,102,90,64,46,29,0,0,0,0,0,0,0,0,0,0,0,0,0,0,0,
,초당주공3단지후문 - 초당역,19,수원컨트리클럽,0,98,100,100,104,94,67,49,31,0,0,0,0,0,0,0,0,0,0,0,0,0,0,0,
,초당주공3단지후문 - 초당역,20,기흥역,0,0,98,98,69,104,69,56,38,0,0,0,0,0,0,0,0,0,0,0,0,0,0,0,
,초당주공3단지후문 - 초당역,21,롯데캐슬스카이.이안두드림.백남준아트센터,0,0,0,93,40,102,71,51,39,0,0,0,0,0,0,0,0,0,0,0,0,0,0,0,
,초당주공3단지후문 - 초당역,22,상미마을.신갈오거리.롯데캐슬레이시티,0,0,100,109,78,104,76,58,40,0,0,0,0,0,0,0,0,0,0,0,0,0,0,0,
,초당주공3단지후문 - 초당역,23,수원신갈TG(경유),0,0,100,109,78,104,76,58,40,0,0,0,0,0,0,0,0,0,0,0,0,0,0,0,
,초당주공3단지후문 - 초당역,24,신갈JC(경유),0,0,100,109,78,104,76,58,40,0,0,0,0,0,0,0,0,0,0,0,0,0,0,0,
,초당주공3단지후문 - 초당역,25,죽전(경유),0,0,100,109,78,104,76,58,40,0,0,0,0,0,0,0,0,0,0,0,0,0,0,0,
,초당주공3단지후문 - 초당역,26,서울TG(경유),0,0,100,109,78,104,76,58,40,0,0,0,0,0,0,0,0,0,0,0,0,0,0,0,
,초당주공3단지후문 - 초당역,27,판교IC(경유),0,0,100,109,78,104,76,58,40,0,0,0,0,0,0,0,0,0,0,0,0,0,0,0,
,초당주공3단지후문 - 초당역,28,금토JC(경유),0,0,100,109,78,104,76,58,40,0,0,0,0,0,0,0,0,0,0,0,0,0,0,0,
,초당주공3단지후문 - 초당역,29,서울진입(경유),0,0,100,109,78,104,76,58,40,0,0,0,0,0,0,0,0,0,0,0,0,0,0,0,
,초당주공3단지후문 - 초당역,30,청계산입구역(경유),0,0,100,109,78,104,76,58,40,0,0,0,0,0,0,0,0,0,0,0,0,0,0,0,
,초당주공3단지후문 - 초당역,31,양재IC(경유),0,0,100,109,78,104,76,58,40,0,0,0,0,0,0,0,0,0,0,0,0,0,0,0,
,초당주공3단지후문 - 초당역,32,서초IC(경유),0,0,100,109,78,104,76,58,40,0,0,0,0,0,0,0,0,0,0,0,0,0,0,0,
,초당주공3단지후문 - 초당역,33,반포IC(경유),0,0,100,109,78,104,76,58,40,0,0,0,0,0,0,0,0,0,0,0,0,0,0,0,
,초당주공3단지후문 - 초당역,34,한남IC(경유),0,0,100,109,78,104,76,58,40,0,0,0,0,0,0,0,0,0,0,0,0,0,0,0,
,초당주공3단지후문 - 초당역,35,순천향대학병원,0,0,93,102,89,82,64,64,36,0,0,0,0,0,0,0,0,0,0,0,0,0,0,0,
,초당주공3단지후문 - 초당역,36,한남1고가차도(경유),0,0,93,102,89,82,64,64,36,0,0,0,0,0,0,0,0,0,0,0,0,0,0,0,
,초당주공3단지후문 - 초당역,37,남산1호터널TG(경유),0,0,93,102,89,82,64,64,36,0,0,0,0,0,0,0,0,0,0,0,0,0,0,0,
,초당주공3단지후문 - 초당역,38,남대문세무서.국가인권위원회,0,0,70,56,62,38,38,33,18,14,0,0,0,0,0,0,0,0,0,0,0,0,0,0,
,초당주공3단지후문 - 초당역,39,청계2가교차로,0,0,58,52,47,27,22,27,11,11,0,0,0,0,0,0,0,0,0,0,0,0,0,0,
,초당주공3단지후문 - 초당역,40,조계사,0,0,36,34,20,11,10,13,12,7,0,0,0,0,0,0,0,0,0,0,0,0,0,0,
,초당주공3단지후문 - 초당역,41,세종문화회관,0,0,32,24,13,8,8,10,12,7,0,0,0,0,0,0,0,0,0,0,0,0,0,0,
,초당주공3단지후문 - 초당역,42,시청교차로(경유),0,0,32,24,13,8,8,10,12,7,0,0,0,0,0,0,0,0,0,0,0,0,0,0,
,초당주공3단지후문 - 초당역,43,신한은행본점,0,0,24,13,7,4,6,9,10,0,0,0,0,0,0,0,0,0,0,0,0,0,0,0,
,초당주공3단지후문 - 초당역,44,서울역버스환승센터(5번승강장)(중),0,0,32,22,13,6,8,9,10,4,0,0,0,0,0,0,0,0,0,0,0,0,0,0,
,초당주공3단지후문 - 초당역,45,서울역교차로(경유),0,0,32,22,13,6,8,9,10,4,0,0,0,0,0,0,0,0,0,0,0,0,0,0,
,초당주공3단지후문 - 초당역,46,숭례문,0,0,0,32,7,0,4,7,7,7,0,0,0,0,0,0,0,0,0,0,0,0,0,0,
,초당주공3단지후문 - 초당역,47,남대문로3가(경유),0,0,0,32,7,0,4,7,7,7,0,0,0,0,0,0,0,0,0,0,0,0,0,0,
,초당주공3단지후문 - 초당역,48,명동입구,0,0,0,34,11,16,6,16,12,8,0,0,0,0,0,0,0,0,0,0,0,0,0,0,
,초당주공3단지후문 - 초당역,49,남대문세무서.서울백병원(중),0,0,0,47,16,20,8,20,22,11,0,0,0,0,0,0,0,0,0,0,0,0,0,0,
,초당주공3단지후문 - 초당역,50,남산1호터널TG(경유),0,0,0,47,24,20,8,20,22,11,0,0,0,0,0,0,0,0,0,0,0,0,0,0,
,초당주공3단지후문 - 초당역,51,한남1고가차도진입(경유),0,0,0,47,24,20,8,20,22,11,0,0,0,0,0,0,0,0,0,0,0,0,0,0,
,초당주공3단지후문 - 초당역,52,남산고가차도출입(경유),0,0,0,47,24,20,8,20,22,11,0,0,0,0,0,0,0,0,0,0,0,0,0,0,
,초당주공3단지후문 - 초당역,53,순천향대학병원,0,0,0,51,29,22,10,28,24,19,0,0,0,0,0,0,0,0,0,0,0,0,0,0,
,초당주공3단지후문 - 초당역,54,한남IC(경유),0,0,0,51,29,22,10,28,24,19,0,0,0,0,0,0,0,0,0,0,0,0,0,0,
,초당주공3단지후문 - 초당역,55,반포IC(경유),0,0,0,51,29,22,10,28,24,19,0,0,0,0,0,0,0,0,0,0,0,0,0,0,
,초당주공3단지후문 - 초당역,56,서초IC(경유),0,0,0,51,29,22,10,28,24,19,0,0,0,0,0,0,0,0,0,0,0,0,0,0,
,초당주공3단지후문 - 초당역,57,양재IC(경유),0,0,0,51,29,22,10,28,24,19,0,0,0,0,0,0,0,0,0,0,0,0,0,0,
,초당주공3단지후문 - 초당역,58,청계산입구역(경유),0,0,0,51,29,22,10,28,24,19,0,0,0,0,0,0,0,0,0,0,0,0,0,0,
,초당주공3단지후문 - 초당역,59,성남진입(경유),0,0,0,51,29,22,10,28,24,19,0,0,0,0,0,0,0,0,0,0,0,0,0,0,
,초당주공3단지후문 - 초당역,60,금토JC(경유),0,0,0,51,29,22,10,28,24,19,0,0,0,0,0,0,0,0,0,0,0,0,0,0,
,초당주공3단지후문 - 초당역,61,판교IC(경유),0,0,0,51,29,22,10,28,24,19,0,0,0,0,0,0,0,0,0,0,0,0,0,0,
,초당주공3단지후문 - 초당역,62,서울TG(경유),0,0,0,51,29,22,10,28,24,19,0,0,0,0,0,0,0,0,0,0,0,0,0,0,
,초당주공3단지후문 - 초당역,63,죽전(경유),0,0,0,51,29,22,10,28,24,19,0,0,0,0,0,0,0,0,0,0,0,0,0,0,
,초당주공3단지후문 - 초당역,64,신갈JC(경유),0,0,0,51,29,22,10,28,24,19,0,0,0,0,0,0,0,0,0,0,0,0,0,0,
,초당주공3단지후문 - 초당역,65,수원신갈TG(경유),0,0,0,51,29,22,10,28,24,19,0,0,0,0,0,0,0,0,0,0,0,0,0,0,
,초당주공3단지후문 - 초당역,66,상미마을.신갈오거리.롯데캐슬레이시티,0,0,0,44,27,20,4,18,24,17,11,0,0,0,0,0,0,0,0,0,0,0,0,0,
,초당주공3단지후문 - 초당역,67,롯데캐슬스카이.이안두드림.백남준아트센터,0,0,0,38,24,16,11,4,22,15,0,0,0,0,0,0,0,0,0,0,0,0,0,0,
,초당주공3단지후문 - 초당역,68,기흥역,0,0,0,16,44,14,3,14,18,18,13,0,0,0,0,0,0,0,0,0,0,0,0,0,
,초당주공3단지후문 - 초당역,69,수원컨트리클럽,0,0,0,0,52,0,0,12,0,0,0,0,0,0,0,0,0,0,0,0,0,0,0,0,
,초당주공3단지후문 - 초당역,70,강남대역.강남대입구,0,0,0,14,56,12,4,10,8,16,10,0,0,0,0,0,0,0,0,0,0,0,0,0,
,초당주공3단지후문 - 초당역,71,지석역,0,0,0,16,58,0,9,14,14,0,0,0,0,0,0,0,0,0,0,0,0,0,0,0,
,초당주공3단지후문 - 초당역,72,갈천마을.주공아파트,0,0,0,14,11,0,3,0,0,14,0,0,0,0,0,0,0,0,0,0,0,0,0,0,
,초당주공3단지후문 - 초당역,73,어정풍림아파트,0,0,0,12,54,22,0,4,0,0,10,0,0,0,0,0,0,0,0,0,0,0,0,0,
,초당주공3단지후문 - 초당역,74,어정역,0,0,0,0,50,18,3,4,16,13,8,0,0,0,0,0,0,0,0,0,0,0,0,0,
,초당주공3단지후문 - 초당역,75,동백이마트,0,0,0,8,30,16,7,8,11,8,7,0,0,0,0,0,0,0,0,0,0,0,0,0,
,초당주공3단지후문 - 초당역,76,평촌마을,0,0,0,0,0,9,0,0,4,0,0,0,0,0,0,0,0,0,0,0,0,0,0,0,
,초당주공3단지후문 - 초당역,77,호수마을.자연앤데시앙.두산위브더제니스,0,0,0,0,20,0,2,6,7,7,6,0,0,0,0,0,0,0,0,0,0,0,0,0,
,초당주공3단지후문 - 초당역,78,호수마을자연앤데시앙.월드메르디앙,0,0,0,0,0,4,0,2,0,6,3,0,0,0,0,0,0,0,0,0,0,0,0,0,
,초당주공3단지후문 - 초당역,79,동막초등학교.호수마을계룡리슈빌.어울림,0,0,0,0,0,0,0,0,7,0,0,0,0,0,0,0,0,0,0,0,0,0,0,0,
,초당주공3단지후문 - 초당역,80,동백중학교,0,0,0,0,4,11,0,0,4,4,1,0,0,0,0,0,0,0,0,0,0,0,0,0,
,초당주공3단지후문 - 초당역,81,동백고.호수마을서해그랑블.풍림코아루,0,0,0,0,2,2,0,4,4,2,0,0,0,0,0,0,0,0,0,0,0,0,0,0,
,초당주공3단지후문 - 초당역,82,동백소방서.동일하이빌.롯데캐슬,0,0,0,0,0,4,0,2,0,0,0,0,0,0,0,0,0,0,0,0,0,0,0,0,
,초당주공3단지후문 - 초당역,83,쥬네브상가,0,0,0,0,0,4,0,2,0,0,0,0,0,0,0,0,0,0,0,0,0,0,0,0,
,초당주공3단지후문 - 초당역,84,동백2동행정복지센터,0,0,0,0,16,9,0,0,0,0,0,0,0,0,0,0,0,0,0,0,0,0,0,0,
,초당주공3단지후문 - 초당역,85,동백역.성산마을서해그랑블,0,0,0,0,12,10,0,0,0,0,0,0,0,0,0,0,0,0,0,0,0,0,0,0,
,초당주공3단지후문 - 초당역,86,동백경남아너스빌,0,0,0,0,2,0,0,0,0,0,0,0,0,0,0,0,0,0,0,0,0,0,0,0,
,초당주공3단지후문 - 초당역,87,초당중학교.삼부르네상스아파트,0,0,0,0,0,0,0,0,0,0,0,0,0,0,0,0,0,0,0,0,0,0,0,0,
,초당주공3단지후문 - 초당역,88,초당초등학교.현진에버빌,0,0,0,0,0,4,0,0,0,0,0,0,0,0,0,0,0,0,0,0,0,0,0,0,
,초당주공3단지후문 - 초당역,89,초당역,0,0,0,0,0,0,0,0,0,0,0,0,0,0,0,0,0,0,0,0,0,0,0,0,